Workbook

Sheet MASTER
A1: ARTICULO | B1: UPC | C1: DESCRIPCIÓN | D1: PROVEEDOR | E1: FAMILIA | F1: SEGMENTO | G1: SABOR | H1: SUBCATEGORIA | I1: ESTATUS | J1: INNOVACION | K1: Contenido | L1: Nivel Nic | M1: Costo | N1: Precio
A2: 100024998 | B2: 7311250046988 | C2: ZYN SPEARMINT 6MG STRONG CAJETILLA PZ | D2: PMI | E2: ZYN | F2: ORAL | G2: F&S | H2: NICOTINE POUCHES | I2: Activo | J2: =+_xlfn.XLOOKUP(B2,INNOVACIÓN!A:A,INNOVACIÓN!B:B,"NO") -> NO | K2: 15 | L2: Medio | M2: =+_xlfn.XLOOKUP(A2,'COSTO Y PRECIO'!$A:$A,'COSTO Y PRECIO'!B:B) -> 47.15 | N2: =+_xlfn.XLOOKUP(A2,'COSTO Y PRECIO'!$A:$A,'COSTO Y PRECIO'!C:C) -> 85
A3: 100024997 | B3: 7311250046971 | C3: ZYN SPEARMINT 3MG MEDIUM CAJETILLA PZ | D3: PMI | E3: ZYN | F3: ORAL | G3: F&S | H3: NICOTINE POUCHES | I3: Activo | J3: =+_xlfn.XLOOKUP(B3,INNOVACIÓN!A:A,INNOVACIÓN!B:B,"NO") -> NO | K3: 15 | L3: Bajo | M3: =+_xlfn.XLOOKUP(A3,'COSTO Y PRECIO'!$A:$A,'COSTO Y PRECIO'!B:B) -> 47.15 | N3: =+_xlfn.XLOOKUP(A3,'COSTO Y PRECIO'!$A:$A,'COSTO Y PRECIO'!C:C) -> 85
A4: 100025304 | B4: 7311250048388 | C4: ZYN SPEARMINIT 1.5MG LOW CAJETILLA PZ | D4: PMI | E4: ZYN | F4: ORAL | G4: F&S | H4: NICOTINE POUCHES | I4: Activo | J4: =+_xlfn.XLOOKUP(B4,INNOVACIÓN!A:A,INNOVACIÓN!B:B,"NO") -> NO | K4: 15 | L4: Extra bajo | M4: =+_xlfn.XLOOKUP(A4,'COSTO Y PRECIO'!$A:$A,'COSTO Y PRECIO'!B:B) -> 47.15 | N4: =+_xlfn.XLOOKUP(A4,'COSTO Y PRECIO'!$A:$A,'COSTO Y PRECIO'!C:C) -> 85
A5: 100026067 | B5: 7311250035579 | C5: ZYN PEACH 6MG STRONG LATA PZ | D5: PMI | E5: ZYN | F5: ORAL | G5: F&S | H5: NICOTINE POUCHES | I5: Activo | J5: =+_xlfn.XLOOKUP(B5,INNOVACIÓN!A:A,INNOVACIÓN!B:B,"NO") -> NO | K5: 15 | L5: Medio | M5: =+_xlfn.XLOOKUP(A5,'COSTO Y PRECIO'!$A:$A,'COSTO Y PRECIO'!B:B) -> 47.15 | N5: =+_xlfn.XLOOKUP(A5,'COSTO Y PRECIO'!$A:$A,'COSTO Y PRECIO'!C:C) -> 85
A6: 100026065 | B6: 7311250035593 | C6: ZYN PEACH 3MG MEDIUM LATA PZ | D6: PMI | E6: ZYN | F6: ORAL | G6: F&S | H6: NICOTINE POUCHES | I6: Activo | J6: =+_xlfn.XLOOKUP(B6,INNOVACIÓN!A:A,INNOVACIÓN!B:B,"NO") -> NO | K6: 15 | L6: Bajo | M6: =+_xlfn.XLOOKUP(A6,'COSTO Y PRECIO'!$A:$A,'COSTO Y PRECIO'!B:B) -> 47.15 | N6: =+_xlfn.XLOOKUP(A6,'COSTO Y PRECIO'!$A:$A,'COSTO Y PRECIO'!C:C) -> 85
A7: 100024400 | B7: 7311250044441 | C7: ZYN ESPRESSINO MINI STRONG UNIDAD PZ | D7: PMI | E7: BYE | F7: ORAL | G7: F&S | H7: NICOTINE POUCHES | I7: Descontinuado (con stock) | J7: =+_xlfn.XLOOKUP(B7,INNOVACIÓN!A:A,INNOVACIÓN!B:B,"NO") -> NO | K7: 15 | L7: Medio | M7: =+_xlfn.XLOOKUP(A7,'COSTO Y PRECIO'!$A:$A,'COSTO Y PRECIO'!B:B) -> 47.15 | N7: =+_xlfn.XLOOKUP(A7,'COSTO Y PRECIO'!$A:$A,'COSTO Y PRECIO'!C:C) -> 85
A8: 100024295 | B8: 7311250044434 | C8: ZYN ESPRESSINO MINI MEDIUM CAJETILLA PZ | D8: PMI | E8: BYE | F8: ORAL | G8: F&S | H8: NICOTINE POUCHES | I8: Descontinuado (con stock) | J8: =+_xlfn.XLOOKUP(B8,INNOVACIÓN!A:A,INNOVACIÓN!B:B,"NO") -> NO | K8: 15 | L8: Bajo | M8: =+_xlfn.XLOOKUP(A8,'COSTO Y PRECIO'!$A:$A,'COSTO Y PRECIO'!B:B) -> 47.15 | N8: =+_xlfn.XLOOKUP(A8,'COSTO Y PRECIO'!$A:$A,'COSTO Y PRECIO'!C:C) -> 85
A9: 100024399 | B9: 7311250044403 | C9: ZYN COOL MINT MINI STRONG UNIDAD PZ | D9: PMI | E9: ZYN | F9: ORAL | G9: F&S | H9: NICOTINE POUCHES | I9: Activo | J9: =+_xlfn.XLOOKUP(B9,INNOVACIÓN!A:A,INNOVACIÓN!B:B,"NO") -> NO | K9: 15 | L9: Medio | M9: =+_xlfn.XLOOKUP(A9,'COSTO Y PRECIO'!$A:$A,'COSTO Y PRECIO'!B:B) -> 47.15 | N9: =+_xlfn.XLOOKUP(A9,'COSTO Y PRECIO'!$A:$A,'COSTO Y PRECIO'!C:C) -> 85
A10: 100024294 | B10: 7311250044397 | C10: ZYN COOL MINT MINI MEDIUM CAJETILLA PZ | D10: PMI | E10: ZYN | F10: ORAL | G10: F&S | H10: NICOTINE POUCHES | I10: Activo | J10: =+_xlfn.XLOOKUP(B10,INNOVACIÓN!A:A,INNOVACIÓN!B:B,"NO") -> NO | K10: 15 | L10: Bajo | M10: =+_xlfn.XLOOKUP(A10,'COSTO Y PRECIO'!$A:$A,'COSTO Y PRECIO'!B:B) -> 47.15 | N10: =+_xlfn.XLOOKUP(A10,'COSTO Y PRECIO'!$A:$A,'COSTO Y PRECIO'!C:C) -> 85
A11: 100026064 | B11: 7311250035562 | C11: ZYN COOL MINT 1.5MG LOW LATA PZ | D11: PMI | E11: ZYN | F11: ORAL | G11: F&S | H11: NICOTINE POUCHES | I11: Activo | J11: =+_xlfn.XLOOKUP(B11,INNOVACIÓN!A:A,INNOVACIÓN!B:B,"NO") -> NO | K11: 15 | L11: Extra bajo | M11: =+_xlfn.XLOOKUP(A11,'COSTO Y PRECIO'!$A:$A,'COSTO Y PRECIO'!B:B) -> 47.15 | N11: =+_xlfn.XLOOKUP(A11,'COSTO Y PRECIO'!$A:$A,'COSTO Y PRECIO'!C:C) -> 85
A12: 100024398 | B12: 7311250044427 | C12: ZYN CITRUS MINI STRONG UNIDAD PZ | D12: PMI | E12: ZYN | F12: ORAL | G12: F&S | H12: NICOTINE POUCHES | I12: Activo | J12: =+_xlfn.XLOOKUP(B12,INNOVACIÓN!A:A,INNOVACIÓN!B:B,"NO") -> NO | K12: 15 | L12: Medio | M12: =+_xlfn.XLOOKUP(A12,'COSTO Y PRECIO'!$A:$A,'COSTO Y PRECIO'!B:B) -> 47.15 | N12: =+_xlfn.XLOOKUP(A12,'COSTO Y PRECIO'!$A:$A,'COSTO Y PRECIO'!C:C) -> 85
A13: 100024293 | B13: 7311250044410 | C13: ZYN CITRUS MINI MEDIUM CAJETILLA PZ | D13: PMI | E13: ZYN | F13: ORAL | G13: F&S | H13: NICOTINE POUCHES | I13: Activo | J13: =+_xlfn.XLOOKUP(B13,INNOVACIÓN!A:A,INNOVACIÓN!B:B,"NO") -> NO | K13: 15 | L13: Bajo | M13: =+_xlfn.XLOOKUP(A13,'COSTO Y PRECIO'!$A:$A,'COSTO Y PRECIO'!B:B) -> 47.15 | N13: =+_xlfn.XLOOKUP(A13,'COSTO Y PRECIO'!$A:$A,'COSTO Y PRECIO'!C:C) -> 85
... A16: 100026062 | B16: 7311250035555 | C16: ZYN BLACK CHERRY 1.5MG LOW LATA PZ | D16: PMI | E16: ZYN | F16: ORAL | G16: F&S | H16: NICOTINE POUCHES | I16: Activo | J16: =+_xlfn.XLOOKUP(B16,INNOVACIÓN!A:A,INNOVACIÓN!B:B,"NO") -> NO | K16: 15 | L16: Extra bajo | M16: =+_xlfn.XLOOKUP(A16,'COSTO Y PRECIO'!$A:$A,'COSTO Y PRECIO'!B:B) -> 47.15 | N16: =+_xlfn.XLOOKUP(A16,'COSTO Y PRECIO'!$A:$A,'COSTO Y PRECIO'!C:C) -> 85
A17: 100022995 | B17: 7503023959520 | C17: WINSTON WINSTON RED 25S 1 PZ | D17: JTI | E17: WINSTON | F17: Bajo-UL | G17: FULL FLAVOR | H17: CIGARROS | I17: Activo | J17: =+_xlfn.XLOOKUP(B17,INNOVACIÓN!A:A,INNOVACIÓN!B:B,"NO") -> NO | K17: 25 | M17: =+_xlfn.XLOOKUP(A17,'COSTO Y PRECIO'!$A:$A,'COSTO Y PRECIO'!B:B) -> 31.5225 | N17: =+_xlfn.XLOOKUP(A17,'COSTO Y PRECIO'!$A:$A,'COSTO Y PRECIO'!C:C) -> 79
A18: 100022996 | B18: 7503023959513 | C18: WINSTON WINSTON RED 20S 1 PZ | D18: JTI | E18: WINSTON | F18: Bajo-UL | G18: FULL FLAVOR | H18: CIGARROS | I18: Activo | J18: =+_xlfn.XLOOKUP(B18,INNOVACIÓN!A:A,INNOVACIÓN!B:B,"NO") -> NO | K18: 20 | M18: =+_xlfn.XLOOKUP(A18,'COSTO Y PRECIO'!$A:$A,'COSTO Y PRECIO'!B:B) -> 31.204 | N18: =+_xlfn.XLOOKUP(A18,'COSTO Y PRECIO'!$A:$A,'COSTO Y PRECIO'!C:C) -> 70
A19: 100025162 | B19: 7503023959452 | C19: WINSTON WINSTON CLASSIC 25S 25 PZ | D19: JTI | E19: BYE | F19: LOW | G19: FULL FLAVOR | H19: CIGARROS | I19: Descontinuado (con stock) | J19: =+_xlfn.XLOOKUP(B19,INNOVACIÓN!A:A,INNOVACIÓN!B:B,"NO") -> NO | K19: 25 | M19: =+_xlfn.XLOOKUP(A19,'COSTO Y PRECIO'!$A:$A,'COSTO Y PRECIO'!B:B) -> 47.4725 | N19: =+_xlfn.XLOOKUP(A19,'COSTO Y PRECIO'!$A:$A,'COSTO Y PRECIO'!C:C) -> 78
A20: 100080896 | B20: 40331362 | C20: WINSTON CIGARR CLASSIC 14S CAJET | D20: JTI | E20: BYE | F20: LOW | G20: FULL FLAVOR | H20: CIGARROS | I20: Descontinuado (con stock) | J20: =+_xlfn.XLOOKUP(B20,INNOVACIÓN!A:A,INNOVACIÓN!B:B,"NO") -> NO | K20: 14 | M20: =+_xlfn.XLOOKUP(A20,'COSTO Y PRECIO'!$A:$A,'COSTO Y PRECIO'!B:B) -> 38.25 | N20: =+_xlfn.XLOOKUP(A20,'COSTO Y PRECIO'!$A:$A,'COSTO Y PRECIO'!C:C) -> 55
A21: 100080898 | B21: 42138051 | C21: WINSTON CIGARR BLUE 20S CAJET | D21: JTI | E21: WINSTON | F21: LOW | G21: FULL FLAVOR | H21: CIGARROS | I21: Activo | J21: =+_xlfn.XLOOKUP(B21,INNOVACIÓN!A:A,INNOVACIÓN!B:B,"NO") -> NO | K21: 20 | M21: =+_xlfn.XLOOKUP(A21,'COSTO Y PRECIO'!$A:$A,'COSTO Y PRECIO'!B:B) -> 47.149 | N21: =+_xlfn.XLOOKUP(A21,'COSTO Y PRECIO'!$A:$A,'COSTO Y PRECIO'!C:C) -> 87
A22: 100025053 | B22: 75081942 | C22: LUCKIES 20S | D22: BAT | E22: BYE | F22: VFM | G22: F&S | H22: CIGARROS | I22: Descontinuado (con stock) | J22: =+_xlfn.XLOOKUP(B22,INNOVACIÓN!A:A,INNOVACIÓN!B:B,"NO") -> NO | K22: 20 | M22: =+_xlfn.XLOOKUP(A22,'COSTO Y PRECIO'!$A:$A,'COSTO Y PRECIO'!B:B) -> 57.54 | N22: =+_xlfn.XLOOKUP(A22,'COSTO Y PRECIO'!$A:$A,'COSTO Y PRECIO'!C:C) -> 89
A23: 100024321 | B23: 75080679 | C23: LUCKIES 25S | D23: BAT | E23: BYE | F23: LOW | G23: FULL FLAVOR | H23: CIGARROS | I23: Descontinuado (con stock) | J23: =+_xlfn.XLOOKUP(B23,INNOVACIÓN!A:A,INNOVACIÓN!B:B,"NO") -> NO | K23: 25 | M23: =+_xlfn.XLOOKUP(A23,'COSTO Y PRECIO'!$A:$A,'COSTO Y PRECIO'!B:B) -> 64.01 | N23: =+_xlfn.XLOOKUP(A23,'COSTO Y PRECIO'!$A:$A,'COSTO Y PRECIO'!C:C) -> 99
A24: 100012153 | B24: 75063504 | C24: LUCKY STRIKE 20S ME TDC 1PZ | D24: BAT | E24: LUCKY STRIKE | F24: PREMIUM | G24: F&S | H24: CIGARROS | I24: Activo | J24: =+_xlfn.XLOOKUP(B24,INNOVACIÓN!A:A,INNOVACIÓN!B:B,"NO") -> NO | K24: 20 | M24: =+_xlfn.XLOOKUP(A24,'COSTO Y PRECIO'!$A:$A,'COSTO Y PRECIO'!B:B) -> 68.53 | N24: =+_xlfn.XLOOKUP(A24,'COSTO Y PRECIO'!$A:$A,'COSTO Y PRECIO'!C:C) -> 106
A25: 100080955 | B25: 75046521 | C25: LUCKY STRIKE AMARILLOS 20S | D25: BAT | E25: LUCKY STRIKE | F25: VFM | G25: FULL FLAVOR | H25: CIGARROS | I25: Activo | J25: =+_xlfn.XLOOKUP(B25,INNOVACIÓN!A:A,INNOVACIÓN!B:B,"NO") -> NO | K25: 20 | M25: =+_xlfn.XLOOKUP(A25,'COSTO Y PRECIO'!$A:$A,'COSTO Y PRECIO'!B:B) -> 59.48 | N25: =+_xlfn.XLOOKUP(A25,'COSTO Y PRECIO'!$A:$A,'COSTO Y PRECIO'!C:C) -> 92
A26: 100080952 | B26: 75046545 | C26: LUCKY STRIKE AMARILLOS 25S | D26: BAT | E26: LUCKY STRIKE | F26: VFM | G26: FULL FLAVOR | H26: CIGARROS | I26: Activo | J26: =+_xlfn.XLOOKUP(B26,INNOVACIÓN!A:A,INNOVACIÓN!B:B,"NO") -> NO | K26: 25 | M26: =+_xlfn.XLOOKUP(A26,'COSTO Y PRECIO'!$A:$A,'COSTO Y PRECIO'!B:B) -> 64.01 | N26: =+_xlfn.XLOOKUP(A26,'COSTO Y PRECIO'!$A:$A,'COSTO Y PRECIO'!C:C) -> 99
A27: 100004788 | B27: 75051785 | C27: LUCKY STRIKE CLICK 4 MIX | D27: BAT | E27: LUCKY STRIKE | F27: PREMIUM | G27: ME | H27: CIGARROS | I27: Activo | J27: =+_xlfn.XLOOKUP(B27,INNOVACIÓN!A:A,INNOVACIÓN!B:B,"NO") -> NO | K27: 20 | M27: =+_xlfn.XLOOKUP(A27,'COSTO Y PRECIO'!$A:$A,'COSTO Y PRECIO'!B:B) -> 68.53 | N27: =+_xlfn.XLOOKUP(A27,'COSTO Y PRECIO'!$A:$A,'COSTO Y PRECIO'!C:C) -> 106
A28: 100019550 | B28: 75074227 | C28: LUCKY STRIKE COMET 20S 1 CAJETILLA | D28: BAT | E28: LUCKY STRIKE | F28: VFM | G28: MENTHOL | H28: CIGARROS | I28: Activo | J28: =+_xlfn.XLOOKUP(B28,INNOVACIÓN!A:A,INNOVACIÓN!B:B,"NO") -> NO | K28: 20 | M28: =+_xlfn.XLOOKUP(A28,'COSTO Y PRECIO'!$A:$A,'COSTO Y PRECIO'!B:B) -> 63.36 | N28: =+_xlfn.XLOOKUP(A28,'COSTO Y PRECIO'!$A:$A,'COSTO Y PRECIO'!C:C) -> 98
A29: 100012997 | B29: 75064716 | C29: LUCKY STRIKE ENIGMA 100S 1PZ | D29: BAT | E29: LUCKY STRIKE | F29: VFM | G29: F&S | H29: CIGARROS | I29: Activo | J29: =+_xlfn.XLOOKUP(B29,INNOVACIÓN!A:A,INNOVACIÓN!B:B,"NO") -> NO | K29: 20 | M29: =+_xlfn.XLOOKUP(A29,'COSTO Y PRECIO'!$A:$A,'COSTO Y PRECIO'!B:B) -> 63.36 | N29: =+_xlfn.XLOOKUP(A29,'COSTO Y PRECIO'!$A:$A,'COSTO Y PRECIO'!C:C) -> 98
A30: 100026068 | B30: 75084332 | C30: LUCKY STRIKE LUCKIES STICK 20S 20 PZ | D30: BAT | E30: BYE | F30: VFM | H30: CIGARROS | I30: Descontinuado (con stock) | J30: =+_xlfn.XLOOKUP(B30,INNOVACIÓN!A:A,INNOVACIÓN!B:B,"NO") -> NO | K30: 20 | M30: =+_xlfn.XLOOKUP(A30,'COSTO Y PRECIO'!$A:$A,'COSTO Y PRECIO'!B:B) -> 56.25 | N30: =+_xlfn.XLOOKUP(A30,'COSTO Y PRECIO'!$A:$A,'COSTO Y PRECIO'!C:C) -> 87
A31: 100011590 | B31: 7501031700028 | C31: LUCKY STRIKE OR255 PPROMO 1PZ | D31: BAT | E31: BYE | F31: PREMIUM | G31: FF | H31: CIGARROS | I31: Descontinuado (con stock) | J31: =+_xlfn.XLOOKUP(B31,INNOVACIÓN!A:A,INNOVACIÓN!B:B,"NO") -> NO | K31: 25 | M31: =+_xlfn.XLOOKUP(A31,'COSTO Y PRECIO'!$A:$A,'COSTO Y PRECIO'!B:B) -> 50 | N31: =+_xlfn.XLOOKUP(A31,'COSTO Y PRECIO'!$A:$A,'COSTO Y PRECIO'!C:C) -> #N/A
A32: 100080975 | B32: 75048129 | C32: LUCKY STRIKE ORIGINAL FF 20S TUBE | D32: BAT | E32: LUCKY STRIKE | F32: VFM | G32: FULL FLAVOR | H32: CIGARROS | I32: Activo | J32: =+_xlfn.XLOOKUP(B32,INNOVACIÓN!A:A,INNOVACIÓN!B:B,"NO") -> NO | K32: 20 | M32: =+_xlfn.XLOOKUP(A32,'COSTO Y PRECIO'!$A:$A,'COSTO Y PRECIO'!B:B) -> 57.54 | N32: =+_xlfn.XLOOKUP(A32,'COSTO Y PRECIO'!$A:$A,'COSTO Y PRECIO'!C:C) -> 89
A33: 100020970 | B33: 75076405 | C33: MONTANA CLASSI 14S 1 CAJETILLA | D33: BAT | E33: MONTANA | F33: Bajo-UL | G33: FULL FLAVOR | H33: CIGARROS | I33: Activo | J33: =+_xlfn.XLOOKUP(B33,INNOVACIÓN!A:A,INNOVACIÓN!B:B,"NO") -> NO | K33: 14 | M33: =+_xlfn.XLOOKUP(A33,'COSTO Y PRECIO'!$A:$A,'COSTO Y PRECIO'!B:B) -> 33.41 | N33: =+_xlfn.XLOOKUP(A33,'COSTO Y PRECIO'!$A:$A,'COSTO Y PRECIO'!C:C) -> 51
A34: 100020969 | B34: 75076740 | C34: MONTANA CLASSI 20S 1 CAJETILLA | D34: BAT | E34: MONTANA | F34: Bajo-UL | G34: FULL FLAVOR | H34: CIGARROS | I34: Activo | J34: =+_xlfn.XLOOKUP(B34,INNOVACIÓN!A:A,INNOVACIÓN!B:B,"NO") -> NO | K34: 20 | M34: =+_xlfn.XLOOKUP(A34,'COSTO Y PRECIO'!$A:$A,'COSTO Y PRECIO'!B:B) -> 47.17 | N34: =+_xlfn.XLOOKUP(A34,'COSTO Y PRECIO'!$A:$A,'COSTO Y PRECIO'!C:C) -> 72
A35: 100013075 | B35: 75064747 | C35: MONTANA SHOTS 15S 1PZ | D35: BAT | E35: MONTANA | F35: LOW | G35: FULL FLAVOR | H35: CIGARROS | I35: Activo | J35: =+_xlfn.XLOOKUP(B35,INNOVACIÓN!A:A,INNOVACIÓN!B:B,"NO") -> NO | K35: 15 | M35: =+_xlfn.XLOOKUP(A35,'COSTO Y PRECIO'!$A:$A,'COSTO Y PRECIO'!B:B) -> 45.05 | N35: =+_xlfn.XLOOKUP(A35,'COSTO Y PRECIO'!$A:$A,'COSTO Y PRECIO'!C:C) -> 67
A36: 100013892 | B36: 75064754 | C36: MONTANA SHOTS 1PZ | D36: BAT | E36: MONTANA | F36: LOW | G36: FULL FLAVOR | H36: CIGARROS | I36: Activo | J36: =+_xlfn.XLOOKUP(B36,INNOVACIÓN!A:A,INNOVACIÓN!B:B,"NO") -> NO | K36: 20 | M36: =+_xlfn.XLOOKUP(A36,'COSTO Y PRECIO'!$A:$A,'COSTO Y PRECIO'!B:B) -> 66.57 | N36: =+_xlfn.XLOOKUP(A36,'COSTO Y PRECIO'!$A:$A,'COSTO Y PRECIO'!C:C) -> 99
A37: 100023317 | B37: 75078843 | C37: MONTANA SHOTS CLASSICS 25 PZ | D37: BAT | E37: MONTANA | F37: Bajo-UL | G37: FULL FLAVOR | H37: CIGARROS | I37: Activo | J37: =+_xlfn.XLOOKUP(B37,INNOVACIÓN!A:A,INNOVACIÓN!B:B,"NO") -> NO | K37: 25 | M37: =+_xlfn.XLOOKUP(A37,'COSTO Y PRECIO'!$A:$A,'COSTO Y PRECIO'!B:B) -> 53.72 | N37: =+_xlfn.XLOOKUP(A37,'COSTO Y PRECIO'!$A:$A,'COSTO Y PRECIO'!C:C) -> 82
A38: 100016489 | B38: 75071301 | C38: PALL MALL ALASKA DUSK 15 | D38: BAT | E38: BYE | F38: VFM | G38: MENTHOL | H38: CIGARROS | I38: Descontinuado (con stock) | J38: =+_xlfn.XLOOKUP(B38,INNOVACIÓN!A:A,INNOVACIÓN!B:B,"NO") -> NO | K38: 15 | M38: =+_xlfn.XLOOKUP(A38,'COSTO Y PRECIO'!$A:$A,'COSTO Y PRECIO'!B:B) -> 53.79 | N38: =+_xlfn.XLOOKUP(A38,'COSTO Y PRECIO'!$A:$A,'COSTO Y PRECIO'!C:C) -> #N/A
A39: 100016443 | B39: 75071295 | C39: PALL MALL ALASKA DUSK 20 | D39: BAT | E39: PALL MALL | F39: VFM | G39: MENTHOL | H39: CIGARROS | I39: Activo | J39: =+_xlfn.XLOOKUP(B39,INNOVACIÓN!A:A,INNOVACIÓN!B:B,"NO") -> NO | K39: 20 | M39: =+_xlfn.XLOOKUP(A39,'COSTO Y PRECIO'!$A:$A,'COSTO Y PRECIO'!B:B) -> 65.9 | N39: =+_xlfn.XLOOKUP(A39,'COSTO Y PRECIO'!$A:$A,'COSTO Y PRECIO'!C:C) -> 98
A40: 100026387 | B40: 75080501 | C40: PALL MALL ARUBA 20 PZ | D40: BAT | E40: PALL MALL | F40: Medio-Bajo | G40: LOW-TAR | H40: CIGARROS | I40: Activo | J40: =+_xlfn.XLOOKUP(B40,INNOVACIÓN!A:A,INNOVACIÓN!B:B,"NO") -> NO | K40: 20 | M40: =+_xlfn.XLOOKUP(A40,'COSTO Y PRECIO'!$A:$A,'COSTO Y PRECIO'!B:B) -> 51.1 | N40: =+_xlfn.XLOOKUP(A40,'COSTO Y PRECIO'!$A:$A,'COSTO Y PRECIO'!C:C) -> 76
A41: 101000079 | B41: 75079017 | C41: PALL MALL BORA BORA SUNBREAK 20 PZ | D41: BAT | E41: PALL MALL | F41: VFM | G41: F&S | H41: CIGARROS | I41: Activo | J41: =+_xlfn.XLOOKUP(B41,INNOVACIÓN!A:A,INNOVACIÓN!B:B,"NO") -> NO | K41: 20 | M41: =+_xlfn.XLOOKUP(A41,'COSTO Y PRECIO'!$A:$A,'COSTO Y PRECIO'!B:B) -> 65.9 | N41: =+_xlfn.XLOOKUP(A41,'COSTO Y PRECIO'!$A:$A,'COSTO Y PRECIO'!C:C) -> 98
A42: 100025311 | B42: 75083656 | C42: TEREA TWILIGHT PEARL 20 CAJETILLA PZ | D42: PMI | E42: TEREA | F42: LOW | G42: HTP FLAVOUR | H42: HTP | I42: Activo | J42: =+_xlfn.XLOOKUP(B42,INNOVACIÓN!A:A,INNOVACIÓN!B:B,"NO") -> NO | M42: =+_xlfn.XLOOKUP(A42,'COSTO Y PRECIO'!$A:$A,'COSTO Y PRECIO'!B:B) -> 60.12 | N42: =+_xlfn.XLOOKUP(A42,'COSTO Y PRECIO'!$A:$A,'COSTO Y PRECIO'!C:C) -> 85
A43: 100024244 | B43: 75006358 | C43: TEREA SUN PEARL CAJETILLA PZ | D43: PMI | E43: TEREA | F43: LOW | G43: HTP FLAVOUR | H43: HTP | I43: Activo | J43: =+_xlfn.XLOOKUP(B43,INNOVACIÓN!A:A,INNOVACIÓN!B:B,"NO") -> NO | M43: =+_xlfn.XLOOKUP(A43,'COSTO Y PRECIO'!$A:$A,'COSTO Y PRECIO'!B:B) -> 60.12 | N43: =+_xlfn.XLOOKUP(A43,'COSTO Y PRECIO'!$A:$A,'COSTO Y PRECIO'!C:C) -> 85
A44: 100023686 | B44: 75006938 | C44: TEREA SIENNA CAJETILLA PZ | D44: PMI | E44: TEREA | F44: LOW | G44: HTP FLAVOUR | H44: HTP | I44: Activo | J44: =+_xlfn.XLOOKUP(B44,INNOVACIÓN!A:A,INNOVACIÓN!B:B,"NO") -> NO | M44: =+_xlfn.XLOOKUP(A44,'COSTO Y PRECIO'!$A:$A,'COSTO Y PRECIO'!B:B) -> 60.12 | N44: =+_xlfn.XLOOKUP(A44,'COSTO Y PRECIO'!$A:$A,'COSTO Y PRECIO'!C:C) -> 85
A45: 100023685 | B45: 75007461 | C45: TEREA RUSSET CAJETILLA PZ | D45: PMI | E45: TEREA | F45: LOW | G45: HTP FLAVOUR | H45: HTP | I45: Activo | J45: =+_xlfn.XLOOKUP(B45,INNOVACIÓN!A:A,INNOVACIÓN!B:B,"NO") -> NO | M45: =+_xlfn.XLOOKUP(A45,'COSTO Y PRECIO'!$A:$A,'COSTO Y PRECIO'!B:B) -> 60.12 | N45: =+_xlfn.XLOOKUP(A45,'COSTO Y PRECIO'!$A:$A,'COSTO Y PRECIO'!C:C) -> 85
A46: 100024999 | B46: 75081652 | C46: TEREA PROVENCE PEARL MNT 20 CAJETILLA PZ | D46: PMI | E46: TEREA | F46: LOW | G46: HTP | H46: HTP | I46: Activo | J46: =+_xlfn.XLOOKUP(B46,INNOVACIÓN!A:A,INNOVACIÓN!B:B,"NO") -> NO | M46: =+_xlfn.XLOOKUP(A46,'COSTO Y PRECIO'!$A:$A,'COSTO Y PRECIO'!B:B) -> 60.12 | N46: =+_xlfn.XLOOKUP(A46,'COSTO Y PRECIO'!$A:$A,'COSTO Y PRECIO'!C:C) -> 85
A47: 100025310 | B47: 75083649 | C47: TEREA GLACIER PEARL 20 CAJETILLA PZ | D47: PMI | E47: TEREA | F47: LOW | G47: HTP FLAVOUR | H47: HTP | I47: Activo | J47: =+_xlfn.XLOOKUP(B47,INNOVACIÓN!A:A,INNOVACIÓN!B:B,"NO") -> NO | M47: =+_xlfn.XLOOKUP(A47,'COSTO Y PRECIO'!$A:$A,'COSTO Y PRECIO'!B:B) -> 60.12 | N47: =+_xlfn.XLOOKUP(A47,'COSTO Y PRECIO'!$A:$A,'COSTO Y PRECIO'!C:C) -> 85
A48: 100023682 | B48: 75006396 | C48: TEREA BRONZE CAJETILLA PZ | D48: PMI | E48: TEREA | F48: LOW | G48: HTP FLAVOUR | H48: HTP | I48: Activo | J48: =+_xlfn.XLOOKUP(B48,INNOVACIÓN!A:A,INNOVACIÓN!B:B,"NO") -> NO | M48: =+_xlfn.XLOOKUP(A48,'COSTO Y PRECIO'!$A:$A,'COSTO Y PRECIO'!B:B) -> 60.12 | N48: =+_xlfn.XLOOKUP(A48,'COSTO Y PRECIO'!$A:$A,'COSTO Y PRECIO'!C:C) -> 85
A49: 100023681 | B49: 75006389 | C49: TEREA BLUE CAJETILLA PZ | D49: PMI | E49: TEREA | F49: LOW | G49: HTP FLAVOUR | H49: HTP | I49: Activo | J49: =+_xlfn.XLOOKUP(B49,INNOVACIÓN!A:A,INNOVACIÓN!B:B,"NO") -> NO | M49: =+_xlfn.XLOOKUP(A49,'COSTO Y PRECIO'!$A:$A,'COSTO Y PRECIO'!B:B) -> 60.12 | N49: =+_xlfn.XLOOKUP(A49,'COSTO Y PRECIO'!$A:$A,'COSTO Y PRECIO'!C:C) -> 85
A50: 100024932 | B50: 75081362 | C50: TEREA BLACK TROPICAL CAJETILLA PZ | D50: PMI | E50: TEREA | F50: LOW | G50: HTP | H50: HTP | I50: Activo | J50: =+_xlfn.XLOOKUP(B50,INNOVACIÓN!A:A,INNOVACIÓN!B:B,"NO") -> NO | M50: =+_xlfn.XLOOKUP(A50,'COSTO Y PRECIO'!$A:$A,'COSTO Y PRECIO'!B:B) -> 60.12 | N50: =+_xlfn.XLOOKUP(A50,'COSTO Y PRECIO'!$A:$A,'COSTO Y PRECIO'!C:C) -> 85
A51: 100024246 | B51: 75007454 | C51: TEREA BLACK PURPLE CAJETILLA PZ | D51: PMI | E51: TEREA | F51: LOW | G51: HTP FLAVOUR | H51: HTP | I51: Activo | J51: =+_xlfn.XLOOKUP(B51,INNOVACIÓN!A:A,INNOVACIÓN!B:B,"NO") -> NO | M51: =+_xlfn.XLOOKUP(A51,'COSTO Y PRECIO'!$A:$A,'COSTO Y PRECIO'!B:B) -> 60.12 | N51: =+_xlfn.XLOOKUP(A51,'COSTO Y PRECIO'!$A:$A,'COSTO Y PRECIO'!C:C) -> 85
A52: 100023679 | B52: 75032784 | C52: TEREA AMBER CAJETILLA PZ | D52: PMI | E52: TEREA | F52: LOW | G52: HTP FLAVOUR | H52: HTP | I52: Activo | J52: =+_xlfn.XLOOKUP(B52,INNOVACIÓN!A:A,INNOVACIÓN!B:B,"NO") -> NO | M52: =+_xlfn.XLOOKUP(A52,'COSTO Y PRECIO'!$A:$A,'COSTO Y PRECIO'!B:B) -> 60.12 | N52: =+_xlfn.XLOOKUP(A52,'COSTO Y PRECIO'!$A:$A,'COSTO Y PRECIO'!C:C) -> 85
A53: 100080351 | B53: 7501609500241 | C53: TE AMO PURO NUM 4 NATURAL PZ | D53: PUROS | E53: BYE | F53: PUROS | G53: PUROS | H53: PUROS | I53: Activo | J53: =+_xlfn.XLOOKUP(B53,INNOVACIÓN!A:A,INNOVACIÓN!B:B,"NO") -> NO | M53: =+_xlfn.XLOOKUP(A53,'COSTO Y PRECIO'!$A:$A,'COSTO Y PRECIO'!B:B) -> 54 | N53: =+_xlfn.XLOOKUP(A53,'COSTO Y PRECIO'!$A:$A,'COSTO Y PRECIO'!C:C) -> 79.333333
... A66: 100016045 | B66: 7465603180529 | C66: PRINCIPE PURO FOIL CEREZA 1 PZ | D66: PUROS | E66: BYE | F66: PUROS | G66: PUROS | H66: PUROS | I66: Activo | J66: =+_xlfn.XLOOKUP(B66,INNOVACIÓN!A:A,INNOVACIÓN!B:B,"NO") -> NO | M66: =+_xlfn.XLOOKUP(A66,'COSTO Y PRECIO'!$A:$A,'COSTO Y PRECIO'!B:B) -> 69 | N66: =+_xlfn.XLOOKUP(A66,'COSTO Y PRECIO'!$A:$A,'COSTO Y PRECIO'!C:C) -> #N/A
A67: 100017982 | B67: 75071776 | C67: PALL MALL CLASSICS 20 | D67: BAT | E67: PALL MALL | F67: ULTRA LOW | G67: FULL FLAVOR | H67: CIGARROS | I67: Activo | J67: =+_xlfn.XLOOKUP(B67,INNOVACIÓN!A:A,INNOVACIÓN!B:B,"NO") -> NO | K67: 20 | M67: =+_xlfn.XLOOKUP(A67,'COSTO Y PRECIO'!$A:$A,'COSTO Y PRECIO'!B:B) -> 50.45 | N67: =+_xlfn.XLOOKUP(A67,'COSTO Y PRECIO'!$A:$A,'COSTO Y PRECIO'!C:C) -> 77
A68: 100023425 | B68: 75079963 | C68: PALL MALL CLASSICS 25 PZ | D68: BAT | E68: PALL MALL | F68: ULTRA LOW | G68: FULL FLAVOR | H68: CIGARROS | I68: Activo | J68: =+_xlfn.XLOOKUP(B68,INNOVACIÓN!A:A,INNOVACIÓN!B:B,"NO") -> NO | K68: 25 | M68: =+_xlfn.XLOOKUP(A68,'COSTO Y PRECIO'!$A:$A,'COSTO Y PRECIO'!B:B) -> 57 | N68: =+_xlfn.XLOOKUP(A68,'COSTO Y PRECIO'!$A:$A,'COSTO Y PRECIO'!C:C) -> 87
A69: 100020837 | B69: 75074081 | C69: PALL MALL EX CLASSI 14S 1 CAJETILLA | D69: BAT | E69: PALL MALL | F69: ULTRA LOW | G69: FULL FLAVOR | H69: CIGARROS | I69: Activo | J69: =+_xlfn.XLOOKUP(B69,INNOVACIÓN!A:A,INNOVACIÓN!B:B,"NO") -> NO | K69: 14 | M69: =+_xlfn.XLOOKUP(A69,'COSTO Y PRECIO'!$A:$A,'COSTO Y PRECIO'!B:B) -> 35.38 | N69: =+_xlfn.XLOOKUP(A69,'COSTO Y PRECIO'!$A:$A,'COSTO Y PRECIO'!C:C) -> 54
A70: 100021658 | B70: 75076757 | C70: PALL MALL EX GOLD C 14S 1 CAJETILLA | D70: BAT | E70: PALL MALL | F70: ULTRA LOW | G70: LOW-TAR | H70: CIGARROS | I70: Activo | J70: =+_xlfn.XLOOKUP(B70,INNOVACIÓN!A:A,INNOVACIÓN!B:B,"NO") -> NO | K70: 14 | M70: =+_xlfn.XLOOKUP(A70,'COSTO Y PRECIO'!$A:$A,'COSTO Y PRECIO'!B:B) -> 35.38 | N70: =+_xlfn.XLOOKUP(A70,'COSTO Y PRECIO'!$A:$A,'COSTO Y PRECIO'!C:C) -> 54
A71: 100021978 | B71: 75078638 | C71: PALL MALL EX GOLD C 20S 1 CAJETILLA | D71: BAT | E71: PALL MALL | F71: ULTRA LOW | G71: LOW-TAR | H71: CIGARROS | I71: Activo | J71: =+_xlfn.XLOOKUP(B71,INNOVACIÓN!A:A,INNOVACIÓN!B:B,"NO") -> NO | K71: 20 | M71: =+_xlfn.XLOOKUP(A71,'COSTO Y PRECIO'!$A:$A,'COSTO Y PRECIO'!B:B) -> 50.45 | N71: =+_xlfn.XLOOKUP(A71,'COSTO Y PRECIO'!$A:$A,'COSTO Y PRECIO'!C:C) -> 77
A72: 100018746 | B72: 75073534 | C72: PALL MALL EX RED 15 1 CAJETILLA | D72: BAT | E72: BYE | F72: LOW | G72: FULL FLAVOR | H72: CIGARROS | I72: Descontinuado (con stock) | J72: =+_xlfn.XLOOKUP(B72,INNOVACIÓN!A:A,INNOVACIÓN!B:B,"NO") -> NO | K72: 15 | M72: =+_xlfn.XLOOKUP(A72,'COSTO Y PRECIO'!$A:$A,'COSTO Y PRECIO'!B:B) -> 45.05 | N72: =+_xlfn.XLOOKUP(A72,'COSTO Y PRECIO'!$A:$A,'COSTO Y PRECIO'!C:C) -> 67
A73: 100018745 | B73: 75073541 | C73: PALL MALL EX WHITE 15 1 CAJETILLA | D73: BAT | E73: PALL MALL | F73: LOW | G73: LOW-TAR | H73: CIGARROS | I73: Activo | J73: =+_xlfn.XLOOKUP(B73,INNOVACIÓN!A:A,INNOVACIÓN!B:B,"NO") -> NO | K73: 15 | M73: =+_xlfn.XLOOKUP(A73,'COSTO Y PRECIO'!$A:$A,'COSTO Y PRECIO'!B:B) -> 45.05 | N73: =+_xlfn.XLOOKUP(A73,'COSTO Y PRECIO'!$A:$A,'COSTO Y PRECIO'!C:C) -> 67
A74: 100025670 | B74: 75083786 | C74: PALL MALL GOLD SELECT 14 PZ | D74: BAT | E74: PALL MALL | F74: Bajo-UL | G74: FULL FLAVOR | H74: CIGARROS | I74: Activo | J74: =+_xlfn.XLOOKUP(B74,INNOVACIÓN!A:A,INNOVACIÓN!B:B,"NO") -> NO | K74: 14 | M74: =+_xlfn.XLOOKUP(A74,'COSTO Y PRECIO'!$A:$A,'COSTO Y PRECIO'!B:B) -> 33.41 | N74: =+_xlfn.XLOOKUP(A74,'COSTO Y PRECIO'!$A:$A,'COSTO Y PRECIO'!C:C) -> 51
A75: 100025843 | B75: 75084165 | C75: PALL MALL TOKYO ROADTRIP CAN 20 PZ | D75: BAT | E75: BYE | F75: VFM | G75: F&S | H75: CIGARROS | I75: Descontinuado (con stock) | J75: =+_xlfn.XLOOKUP(B75,INNOVACIÓN!A:A,INNOVACIÓN!B:B,"NO") -> NO | K75: 20 | M75: =+_xlfn.XLOOKUP(A75,'COSTO Y PRECIO'!$A:$A,'COSTO Y PRECIO'!B:B) -> 53.79 | N75: =+_xlfn.XLOOKUP(A75,'COSTO Y PRECIO'!$A:$A,'COSTO Y PRECIO'!C:C) -> 80
A76: 100022118 | B76: 75076429 | C76: PALL MALL HAWAII 20S 1 CAJETILLA | D76: BAT | E76: PALL MALL | F76: VFM | G76: F&S | H76: CIGARROS | I76: Activo | J76: =+_xlfn.XLOOKUP(B76,INNOVACIÓN!A:A,INNOVACIÓN!B:B,"NO") -> NO | K76: 20 | M76: =+_xlfn.XLOOKUP(A76,'COSTO Y PRECIO'!$A:$A,'COSTO Y PRECIO'!B:B) -> 65.9 | N76: =+_xlfn.XLOOKUP(A76,'COSTO Y PRECIO'!$A:$A,'COSTO Y PRECIO'!C:C) -> 98
A77: 100025282 | B77: 75082543 | C77: PALL MALL HAWAII SUNLIGHT 15 PZ | D77: BAT | E77: PALL MALL | F77: VFM | G77: F&S | H77: CIGARROS | I77: Activo | J77: =+_xlfn.XLOOKUP(B77,INNOVACIÓN!A:A,INNOVACIÓN!B:B,"NO") -> NO | K77: 15 | M77: =+_xlfn.XLOOKUP(A77,'COSTO Y PRECIO'!$A:$A,'COSTO Y PRECIO'!B:B) -> 49.76 | N77: =+_xlfn.XLOOKUP(A77,'COSTO Y PRECIO'!$A:$A,'COSTO Y PRECIO'!C:C) -> 74
A78: 100026385 | B78: 75080525 | C78: PALL MALL HONOLULU 20 PZ | D78: BAT | E78: PALL MALL | F78: Medio-Bajo | G78: LOW-TAR | H78: CIGARROS | I78: Activo | J78: =+_xlfn.XLOOKUP(B78,INNOVACIÓN!A:A,INNOVACIÓN!B:B,"NO") -> NO | K78: 20 | M78: =+_xlfn.XLOOKUP(A78,'COSTO Y PRECIO'!$A:$A,'COSTO Y PRECIO'!B:B) -> 51.1 | N78: =+_xlfn.XLOOKUP(A78,'COSTO Y PRECIO'!$A:$A,'COSTO Y PRECIO'!C:C) -> 76
... A108: 100019230 | B108: 75074982 | C108: PALL MALL XL TOKYO 15S 1 CAJETILLA | D108: BAT | E108: PALL MALL | F108: VFM | G108: F&S | H108: CIGARROS | I108: Activo | J108: =+_xlfn.XLOOKUP(B108,INNOVACIÓN!A:A,INNOVACIÓN!B:B,"NO") -> NO | K108: 15 | M108: =+_xlfn.XLOOKUP(A108,'COSTO Y PRECIO'!$A:$A,'COSTO Y PRECIO'!B:B) -> 49.76 | N108: =+_xlfn.XLOOKUP(A108,'COSTO Y PRECIO'!$A:$A,'COSTO Y PRECIO'!C:C) -> 74
A109: 100025893 | B109: 7503039738447 | C109: VELO CHERRY ICE 6 MG 15 PZ | D109: BAT | E109: BYE | F109: ORAL | G109: F&S | H109: NICOTINE POUCHES | I109: Descontinuado (con stock) | J109: =+_xlfn.XLOOKUP(B109,INNOVACIÓN!A:A,INNOVACIÓN!B:B,"NO") -> NO | K109: 15 | L109: Medio | M109: =+_xlfn.XLOOKUP(A109,'COSTO Y PRECIO'!$A:$A,'COSTO Y PRECIO'!B:B) -> 61.66 | N109: =+_xlfn.XLOOKUP(A109,'COSTO Y PRECIO'!$A:$A,'COSTO Y PRECIO'!C:C) -> 80
A110: 100026306 | B110: 7503039738584 | C110: VELO CHERRY ICE 6 MG TC COLOR 15 PZ | D110: BAT | E110: BYE | F110: ORAL | G110: F&S | H110: NICOTINE POUCHES | I110: Descontinuado (con stock) | J110: =+_xlfn.XLOOKUP(B110,INNOVACIÓN!A:A,INNOVACIÓN!B:B,"NO") -> NO | K110: 15 | L110: Medio | M110: =+_xlfn.XLOOKUP(A110,'COSTO Y PRECIO'!$A:$A,'COSTO Y PRECIO'!B:B) -> 61.66 | N110: =+_xlfn.XLOOKUP(A110,'COSTO Y PRECIO'!$A:$A,'COSTO Y PRECIO'!C:C) -> 80
A111: 100024419 | B111: 7702303622080 | C111: VELO GREEN SPEARMINT 4 MG 15 PZ | D111: BAT | E111: VELO | F111: ORAL | G111: F&S | H111: NICOTINE POUCHES | I111: Activo | J111: =+_xlfn.XLOOKUP(B111,INNOVACIÓN!A:A,INNOVACIÓN!B:B,"NO") -> NO | K111: 15 | L111: Bajo | M111: =+_xlfn.XLOOKUP(A111,'COSTO Y PRECIO'!$A:$A,'COSTO Y PRECIO'!B:B) -> 61.66 | N111: =+_xlfn.XLOOKUP(A111,'COSTO Y PRECIO'!$A:$A,'COSTO Y PRECIO'!C:C) -> 80
A112: 100026071 | B112: 7503039738508 | C112: VELO GREEN SPEARMINT 4 MG TC BK 15 PZ | D112: BAT | E112: BYE | F112: ORAL | G112: F&S | H112: NICOTINE POUCHES | I112: Descontinuado (con stock) | J112: =+_xlfn.XLOOKUP(B112,INNOVACIÓN!A:A,INNOVACIÓN!B:B,"NO") -> NO | K112: 15 | L112: Bajo | M112: =+_xlfn.XLOOKUP(A112,'COSTO Y PRECIO'!$A:$A,'COSTO Y PRECIO'!B:B) -> 61.66 | N112: =+_xlfn.XLOOKUP(A112,'COSTO Y PRECIO'!$A:$A,'COSTO Y PRECIO'!C:C) -> 80
A113: 100024420 | B113: 7702303121477 | C113: VELO GREEN SPEARMINT 6 MG 15 PZ | D113: BAT | E113: VELO | F113: ORAL | G113: F&S | H113: NICOTINE POUCHES | I113: Activo | J113: =+_xlfn.XLOOKUP(B113,INNOVACIÓN!A:A,INNOVACIÓN!B:B,"NO") -> NO | K113: 15 | L113: Medio | M113: =+_xlfn.XLOOKUP(A113,'COSTO Y PRECIO'!$A:$A,'COSTO Y PRECIO'!B:B) -> 61.66 | N113: =+_xlfn.XLOOKUP(A113,'COSTO Y PRECIO'!$A:$A,'COSTO Y PRECIO'!C:C) -> 80
A114: 100016248 | B114: 25900000400 | C114: MINITIP CIGARR VAINILLA 1 PZ | D114: PUROS | E114: BYE | F114: PUROS | G114: PUROS | H114: PUROS | I114: Activo | J114: =+_xlfn.XLOOKUP(B114,INNOVACIÓN!A:A,INNOVACIÓN!B:B,"NO") -> NO | M114: =+_xlfn.XLOOKUP(A114,'COSTO Y PRECIO'!$A:$A,'COSTO Y PRECIO'!B:B) -> 50 | N114: =+_xlfn.XLOOKUP(A114,'COSTO Y PRECIO'!$A:$A,'COSTO Y PRECIO'!C:C) -> #N/A
A115: 100009364 | B115: 7503023648011 | C115: MAZATAN PURO TORO PZ | D115: PUROS | E115: BYE | F115: PUROS | G115: PUROS | H115: PUROS | I115: Activo | J115: =+_xlfn.XLOOKUP(B115,INNOVACIÓN!A:A,INNOVACIÓN!B:B,"NO") -> NO | M115: =+_xlfn.XLOOKUP(A115,'COSTO Y PRECIO'!$A:$A,'COSTO Y PRECIO'!B:B) -> 38.819 | N115: =+_xlfn.XLOOKUP(A115,'COSTO Y PRECIO'!$A:$A,'COSTO Y PRECIO'!C:C) -> #N/A
A116: 100009359 | B116: 7503023648042 | C116: MAZATAN PURO PETTITE PANATELA PZ | D116: PUROS | E116: BYE | F116: PUROS | G116: PUROS | H116: PUROS | I116: Activo | J116: =+_xlfn.XLOOKUP(B116,INNOVACIÓN!A:A,INNOVACIÓN!B:B,"NO") -> NO | M116: =+_xlfn.XLOOKUP(A116,'COSTO Y PRECIO'!$A:$A,'COSTO Y PRECIO'!B:B) -> 24.7002 | N116: =+_xlfn.XLOOKUP(A116,'COSTO Y PRECIO'!$A:$A,'COSTO Y PRECIO'!C:C) -> #N/A
A117: 100080381 | B117: 7501609501804 | C117: MATACAN PURO NO.7 CAJET | D117: PUROS | E117: BYE | F117: PUROS | G117: PUROS | H117: PUROS | I117: Activo | J117: =+_xlfn.XLOOKUP(B117,INNOVACIÓN!A:A,INNOVACIÓN!B:B,"NO") -> NO | M117: =+_xlfn.XLOOKUP(A117,'COSTO Y PRECIO'!$A:$A,'COSTO Y PRECIO'!B:B) -> 29.37 | N117: =+_xlfn.XLOOKUP(A117,'COSTO Y PRECIO'!$A:$A,'COSTO Y PRECIO'!C:C) -> 54.166667
A118: 100020133 | B118: 75075217 | C118: MARLBORO VISTA SUMMER FUSIO 1 CAJETILLA | D118: PMI | E118: MARLBORO VISTA | F118: VFM | G118: F&S | H118: CIGARROS | I118: Activo | J118: =+_xlfn.XLOOKUP(B118,INNOVACIÓN!A:A,INNOVACIÓN!B:B,"NO") -> NO | K118: 20 | M118: =+_xlfn.XLOOKUP(A118,'COSTO Y PRECIO'!$A:$A,'COSTO Y PRECIO'!B:B) -> 48.87 | N118: =+_xlfn.XLOOKUP(A118,'COSTO Y PRECIO'!$A:$A,'COSTO Y PRECIO'!C:C) -> 72
A119: 100018656 | B119: 75001360 | C119: MARLBORO VISTA GARDEN 20 1 CAJETILLA | D119: PMI | E119: MARLBORO VISTA | F119: VFM | G119: F&S | H119: CIGARROS | I119: Activo | J119: =+_xlfn.XLOOKUP(B119,INNOVACIÓN!A:A,INNOVACIÓN!B:B,"NO") -> NO | K119: 20 | M119: =+_xlfn.XLOOKUP(A119,'COSTO Y PRECIO'!$A:$A,'COSTO Y PRECIO'!B:B) -> 66.68 | N119: =+_xlfn.XLOOKUP(A119,'COSTO Y PRECIO'!$A:$A,'COSTO Y PRECIO'!C:C) -> 98
A120: 100018872 | B120: 75001384 | C120: MARLBORO VISTA ARTIC 20 1 CAJETILLA | D120: PMI | E120: MARLBORO VISTA | F120: VFM | G120: MENTHOL | H120: CIGARROS | I120: Activo | J120: =+_xlfn.XLOOKUP(B120,INNOVACIÓN!A:A,INNOVACIÓN!B:B,"NO") -> NO | K120: 20 | M120: =+_xlfn.XLOOKUP(A120,'COSTO Y PRECIO'!$A:$A,'COSTO Y PRECIO'!B:B) -> 66.68 | N120: =+_xlfn.XLOOKUP(A120,'COSTO Y PRECIO'!$A:$A,'COSTO Y PRECIO'!C:C) -> 98
A121: 100021790 | B121: 75019006 | C121: MARLBORO VISTA CARIBBEAN 1 CAJETILLA | D121: PMI | E121: MARLBORO VISTA | F121: VFM | G121: F&S | H121: CIGARROS | I121: Activo | J121: =+_xlfn.XLOOKUP(B121,INNOVACIÓN!A:A,INNOVACIÓN!B:B,"NO") -> NO | K121: 20 | M121: =+_xlfn.XLOOKUP(A121,'COSTO Y PRECIO'!$A:$A,'COSTO Y PRECIO'!B:B) -> 66.68 | N121: =+_xlfn.XLOOKUP(A121,'COSTO Y PRECIO'!$A:$A,'COSTO Y PRECIO'!C:C) -> 98
A122: 100014868 | B122: 75068769 | C122: MARLBORO VELVET 100 BOX 20 1 CAJETILLA | D122: PMI | E122: MARLBORO | F122: PREMIUM | G122: F&S | H122: CIGARROS | I122: Activo | J122: =+_xlfn.XLOOKUP(B122,INNOVACIÓN!A:A,INNOVACIÓN!B:B,"NO") -> NO | K122: 20 | M122: =+_xlfn.XLOOKUP(A122,'COSTO Y PRECIO'!$A:$A,'COSTO Y PRECIO'!B:B) -> 72.39 | N122: =+_xlfn.XLOOKUP(A122,'COSTO Y PRECIO'!$A:$A,'COSTO Y PRECIO'!C:C) -> 105
A123: 100025332 | B123: 75032807 | C123: MARLBORO URBAN SHUFFLE 100 BOX 20 CAJETILLA PZ | D123: PMI | E123: BYE | F123: VFM | G123: F&S | H123: CIGARROS | I123: Descontinuado (con stock) | J123: =+_xlfn.XLOOKUP(B123,INNOVACIÓN!A:A,INNOVACIÓN!B:B,"NO") -> NO | K123: 20 | M123: =+_xlfn.XLOOKUP(A123,'COSTO Y PRECIO'!$A:$A,'COSTO Y PRECIO'!B:B) -> 66.68 | N123: =+_xlfn.XLOOKUP(A123,'COSTO Y PRECIO'!$A:$A,'COSTO Y PRECIO'!C:C) -> 98
A124: 100013110 | B124: 75065515 | C124: MARLBORO RUBY 14 1CAJETILLA | D124: PMI | E124: BYE | F124: PREMIUM | G124: F&S | H124: CIGARROS | I124: Descontinuado (con stock) | J124: =+_xlfn.XLOOKUP(B124,INNOVACIÓN!A:A,INNOVACIÓN!B:B,"NO") -> NO | K124: 14 | M124: =+_xlfn.XLOOKUP(A124,'COSTO Y PRECIO'!$A:$A,'COSTO Y PRECIO'!B:B) -> 52.96 | N124: =+_xlfn.XLOOKUP(A124,'COSTO Y PRECIO'!$A:$A,'COSTO Y PRECIO'!C:C) -> 77
A125: 100014711 | B125: 75068783 | C125: MARLBORO RUBY 100 BOX 20 1CAJE | D125: PMI | E125: MARLBORO | F125: PREMIUM | G125: F&S | H125: CIGARROS | I125: Activo | J125: =+_xlfn.XLOOKUP(B125,INNOVACIÓN!A:A,INNOVACIÓN!B:B,"NO") -> NO | K125: 20 | M125: =+_xlfn.XLOOKUP(A125,'COSTO Y PRECIO'!$A:$A,'COSTO Y PRECIO'!B:B) -> 72.39 | N125: =+_xlfn.XLOOKUP(A125,'COSTO Y PRECIO'!$A:$A,'COSTO Y PRECIO'!C:C) -> 105
A126: 100014569 | B126: 75068813 | C126: MARLBORO RED 100 CAPS 14 1CAJE | D126: PMI | E126: MARLBORO | F126: PREMIUM | G126: MENTHOL | H126: CIGARROS | I126: Activo | J126: =+_xlfn.XLOOKUP(B126,INNOVACIÓN!A:A,INNOVACIÓN!B:B,"NO") -> NO | K126: 14 | M126: =+_xlfn.XLOOKUP(A126,'COSTO Y PRECIO'!$A:$A,'COSTO Y PRECIO'!B:B) -> 52.96 | N126: =+_xlfn.XLOOKUP(A126,'COSTO Y PRECIO'!$A:$A,'COSTO Y PRECIO'!C:C) -> 77
A127: 100024881 | B127: 75082345 | C127: MARLBORO PROVENCE FUSION MNT 100 BOX 20 CAJETILLA PZ | D127: PMI | E127: MARLBORO | F127: VFM | G127: F&S | H127: CIGARROS | I127: Activo | J127: =+_xlfn.XLOOKUP(B127,INNOVACIÓN!A:A,INNOVACIÓN!B:B,"NO") -> NO | K127: 20 | M127: =+_xlfn.XLOOKUP(A127,'COSTO Y PRECIO'!$A:$A,'COSTO Y PRECIO'!B:B) -> 66.68 | N127: =+_xlfn.XLOOKUP(A127,'COSTO Y PRECIO'!$A:$A,'COSTO Y PRECIO'!C:C) -> 98
A128: 100023312 | B128: 75006297 | C128: MARLBORO MARLBORO CRAFTED RED 2.0 100 BOX 20 CAJETILLA PZ | D128: PMI | E128: MARLBORO CRAFTED | F128: LOW | G128: MENTHOL | H128: CIGARROS | I128: Activo | J128: =+_xlfn.XLOOKUP(B128,INNOVACIÓN!A:A,INNOVACIÓN!B:B,"NO") -> NO | K128: 20 | M128: =+_xlfn.XLOOKUP(A128,'COSTO Y PRECIO'!$A:$A,'COSTO Y PRECIO'!B:B) -> 67.53 | N128: =+_xlfn.XLOOKUP(A128,'COSTO Y PRECIO'!$A:$A,'COSTO Y PRECIO'!C:C) -> 98
A129: 100023311 | B129: 75006266 | C129: MARLBORO MARLBORO CRAFTED 2.0 GOLD 100 BOX 20 CAJETILLA PZ | D129: PMI | E129: MARLBORO CRAFTED | F129: LOW | G129: LOW-TAR | H129: CIGARROS | I129: Activo | J129: =+_xlfn.XLOOKUP(B129,INNOVACIÓN!A:A,INNOVACIÓN!B:B,"NO") -> NO | K129: 20 | M129: =+_xlfn.XLOOKUP(A129,'COSTO Y PRECIO'!$A:$A,'COSTO Y PRECIO'!B:B) -> 67.53 | N129: =+_xlfn.XLOOKUP(A129,'COSTO Y PRECIO'!$A:$A,'COSTO Y PRECIO'!C:C) -> 98
... A149: 100019981 | B149: 75074746 | C149: MARLBORO BLOSSO VISTA BLOSSOM 1 CAJETILLA | D149: PMI | E149: MARLBORO VISTA | F149: VFM | G149: F&S | H149: CIGARROS | I149: Activo | J149: =+_xlfn.XLOOKUP(B149,INNOVACIÓN!A:A,INNOVACIÓN!B:B,"NO") -> NO | K149: 20 | M149: =+_xlfn.XLOOKUP(A149,'COSTO Y PRECIO'!$A:$A,'COSTO Y PRECIO'!B:B) -> 66.68 | N149: =+_xlfn.XLOOKUP(A149,'COSTO Y PRECIO'!$A:$A,'COSTO Y PRECIO'!C:C) -> 98
A150: 100080372 | B150: 7501609501521 | C150: MAGNIFICOS PURO CAJET | D150: PUROS | E150: BYE | F150: PUROS | G150: PUROS | H150: PUROS | I150: Activo | J150: =+_xlfn.XLOOKUP(B150,INNOVACIÓN!A:A,INNOVACIÓN!B:B,"NO") -> NO | M150: =+_xlfn.XLOOKUP(A150,'COSTO Y PRECIO'!$A:$A,'COSTO Y PRECIO'!B:B) -> 66.24 | N150: =+_xlfn.XLOOKUP(A150,'COSTO Y PRECIO'!$A:$A,'COSTO Y PRECIO'!C:C) -> 111.75
A151: 100026301 | B151: 7503039738546 | C151: VELO GREEN SPEARMINT 6MG TC COLOR 15 PZ | D151: BAT | E151: BYE | F151: ORAL | G151: F&S | H151: NICOTINE POUCHES | I151: Descontinuado (con stock) | J151: =+_xlfn.XLOOKUP(B151,INNOVACIÓN!A:A,INNOVACIÓN!B:B,"NO") -> NO | K151: 15 | L151: Medio | M151: =+_xlfn.XLOOKUP(A151,'COSTO Y PRECIO'!$A:$A,'COSTO Y PRECIO'!B:B) -> 61.66 | N151: =+_xlfn.XLOOKUP(A151,'COSTO Y PRECIO'!$A:$A,'COSTO Y PRECIO'!C:C) -> 80
A152: 100025297 | B152: 7503039738393 | C152: VELO GREEN SPEARMINT 8 MG 20 PZ | D152: BAT | E152: BYE | F152: ORAL | G152: F&S | H152: NICOTINE POUCHES | I152: Descontinuado (con stock) | J152: =+_xlfn.XLOOKUP(B152,INNOVACIÓN!A:A,INNOVACIÓN!B:B,"NO") -> NO | K152: 20 | L152: Alto | M152: =+_xlfn.XLOOKUP(A152,'COSTO Y PRECIO'!$A:$A,'COSTO Y PRECIO'!B:B) -> 80.92 | N152: =+_xlfn.XLOOKUP(A152,'COSTO Y PRECIO'!$A:$A,'COSTO Y PRECIO'!C:C) -> 105
A153: 100024462 | B153: 7707200946741 | C153: VELO POLAR PEPPERMINT 4 MG 15 PZ | D153: BAT | E153: VELO | F153: ORAL | G153: F&S | H153: NICOTINE POUCHES | I153: Activo | J153: =+_xlfn.XLOOKUP(B153,INNOVACIÓN!A:A,INNOVACIÓN!B:B,"NO") -> NO | K153: 15 | L153: Bajo | M153: =+_xlfn.XLOOKUP(A153,'COSTO Y PRECIO'!$A:$A,'COSTO Y PRECIO'!B:B) -> 61.66 | N153: =+_xlfn.XLOOKUP(A153,'COSTO Y PRECIO'!$A:$A,'COSTO Y PRECIO'!C:C) -> 80
A154: 100026070 | B154: 7503039738492 | C154: VELO POLAR PEPPERMINT 4 MG TC BK 15 PZ | D154: BAT | E154: BYE | F154: ORAL | G154: F&S | H154: NICOTINE POUCHES | I154: Descontinuado (con stock) | J154: =+_xlfn.XLOOKUP(B154,INNOVACIÓN!A:A,INNOVACIÓN!B:B,"NO") -> NO | K154: 15 | L154: Bajo | M154: =+_xlfn.XLOOKUP(A154,'COSTO Y PRECIO'!$A:$A,'COSTO Y PRECIO'!B:B) -> 61.66 | N154: =+_xlfn.XLOOKUP(A154,'COSTO Y PRECIO'!$A:$A,'COSTO Y PRECIO'!C:C) -> 80
A155: 100024465 | B155: 7707200943245 | C155: VELO POLAR PEPPERMINT 6 MG 15 PZ | D155: BAT | E155: VELO | F155: ORAL | G155: F&S | H155: NICOTINE POUCHES | I155: Activo | J155: =+_xlfn.XLOOKUP(B155,INNOVACIÓN!A:A,INNOVACIÓN!B:B,"NO") -> NO | K155: 15 | L155: Medio | M155: =+_xlfn.XLOOKUP(A155,'COSTO Y PRECIO'!$A:$A,'COSTO Y PRECIO'!B:B) -> 61.66 | N155: =+_xlfn.XLOOKUP(A155,'COSTO Y PRECIO'!$A:$A,'COSTO Y PRECIO'!C:C) -> 80
A156: 100026300 | B156: 7503039738539 | C156: VELO POLAR PEPPERMINT 6MG TC COLOR 15 PZ | D156: BAT | E156: BYE | F156: ORAL | G156: F&S | H156: NICOTINE POUCHES | I156: Descontinuado (con stock) | J156: =+_xlfn.XLOOKUP(B156,INNOVACIÓN!A:A,INNOVACIÓN!B:B,"NO") -> NO | K156: 15 | L156: Medio | M156: =+_xlfn.XLOOKUP(A156,'COSTO Y PRECIO'!$A:$A,'COSTO Y PRECIO'!B:B) -> 61.66 | N156: =+_xlfn.XLOOKUP(A156,'COSTO Y PRECIO'!$A:$A,'COSTO Y PRECIO'!C:C) -> 80
A157: 100025298 | B157: 7503039738416 | C157: VELO POLAR PEPPERMINT 8 MG 20 PZ | D157: BAT | E157: BYE | F157: ORAL | G157: F&S | H157: NICOTINE POUCHES | I157: Descontinuado (con stock) | J157: =+_xlfn.XLOOKUP(B157,INNOVACIÓN!A:A,INNOVACIÓN!B:B,"NO") -> NO | K157: 20 | L157: Alto | M157: =+_xlfn.XLOOKUP(A157,'COSTO Y PRECIO'!$A:$A,'COSTO Y PRECIO'!B:B) -> 80.92 | N157: =+_xlfn.XLOOKUP(A157,'COSTO Y PRECIO'!$A:$A,'COSTO Y PRECIO'!C:C) -> 105
A158: 100025894 | B158: 7503039738461 | C158: VELO PURPLE GRAPE 6MG 15 PZ | D158: BAT | E158: VELO | F158: ORAL | G158: F&S | H158: NICOTINE POUCHES | I158: Activo | J158: =+_xlfn.XLOOKUP(B158,INNOVACIÓN!A:A,INNOVACIÓN!B:B,"NO") -> NO | K158: 15 | L158: Medio | M158: =+_xlfn.XLOOKUP(A158,'COSTO Y PRECIO'!$A:$A,'COSTO Y PRECIO'!B:B) -> 61.66 | N158: =+_xlfn.XLOOKUP(A158,'COSTO Y PRECIO'!$A:$A,'COSTO Y PRECIO'!C:C) -> 80
A159: 100026307 | B159: 7503039738591 | C159: VELO PURPLE GRAPE 6MG TC COLOR 15 PZ | D159: BAT | E159: BYE | F159: ORAL | G159: F&S | H159: NICOTINE POUCHES | I159: Descontinuado (con stock) | J159: =+_xlfn.XLOOKUP(B159,INNOVACIÓN!A:A,INNOVACIÓN!B:B,"NO") -> NO | K159: 15 | L159: Medio | M159: =+_xlfn.XLOOKUP(A159,'COSTO Y PRECIO'!$A:$A,'COSTO Y PRECIO'!B:B) -> 61.66 | N159: =+_xlfn.XLOOKUP(A159,'COSTO Y PRECIO'!$A:$A,'COSTO Y PRECIO'!C:C) -> 80
A160: 100024417 | B160: 7702303391467 | C160: VELO STRAWBERRY ICE 4 MG 15 PZ | D160: BAT | E160: BYE | F160: ORAL | G160: F&S | H160: NICOTINE POUCHES | I160: Descontinuado (con stock) | J160: =+_xlfn.XLOOKUP(B160,INNOVACIÓN!A:A,INNOVACIÓN!B:B,"NO") -> NO | K160: 15 | L160: Bajo | M160: =+_xlfn.XLOOKUP(A160,'COSTO Y PRECIO'!$A:$A,'COSTO Y PRECIO'!B:B) -> 61.66 | N160: =+_xlfn.XLOOKUP(A160,'COSTO Y PRECIO'!$A:$A,'COSTO Y PRECIO'!C:C) -> 80
A161: 100026072 | B161: 7503039738515 | C161: VELO STRAWBERRY ICE 4 MG TC BK 15 PZ | D161: BAT | E161: BYE | F161: ORAL | G161: F&S | H161: NICOTINE POUCHES | I161: Descontinuado (con stock) | J161: =+_xlfn.XLOOKUP(B161,INNOVACIÓN!A:A,INNOVACIÓN!B:B,"NO") -> NO | K161: 15 | L161: Bajo | M161: =+_xlfn.XLOOKUP(A161,'COSTO Y PRECIO'!$A:$A,'COSTO Y PRECIO'!B:B) -> 61.66 | N161: =+_xlfn.XLOOKUP(A161,'COSTO Y PRECIO'!$A:$A,'COSTO Y PRECIO'!C:C) -> 80
A162: 100021048 | B162: 75005481 | C162: LM LM 25S 25S 1 CAJETILLA | D162: PMI | E162: L&M | F162: ULTRA LOW | G162: FULL FLAVOR | H162: CIGARROS | I162: Activo | J162: =+_xlfn.XLOOKUP(B162,INNOVACIÓN!A:A,INNOVACIÓN!B:B,"NO") -> NO | K162: 25 | M162: =+_xlfn.XLOOKUP(A162,'COSTO Y PRECIO'!$A:$A,'COSTO Y PRECIO'!B:B) -> 59.76 | N162: =+_xlfn.XLOOKUP(A162,'COSTO Y PRECIO'!$A:$A,'COSTO Y PRECIO'!C:C) -> 87
...

Sheet COSTO Y PRECIO
A1: ARTICULO | B1: COSTO | C1: PRECIO
A2: 100024998 | B2: 47.15 | C2: 85
A3: 100024997 | B3: 47.15 | C3: 85
A4: 100025304 | B4: 47.15 | C4: 85
A5: 100026067 | B5: 47.15 | C5: 85
A6: 100026065 | B6: 47.15 | C6: 85
A7: 100024400 | B7: 47.15 | C7: 85
A8: 100024295 | B8: 47.15 | C8: 85
A9: 100024399 | B9: 47.15 | C9: 85
A10: 100024294 | B10: 47.15 | C10: 85
A11: 100026064 | B11: 47.15 | C11: 85
A12: 100024398 | B12: 47.15 | C12: 85
A13: 100024293 | B13: 47.15 | C13: 85
... A16: 100026062 | B16: 47.15 | C16: 85
A17: 100080917 | B17: 50 | C17: #N/A
A18: 100080184 | B18: 50 | C18: #N/A
A19: 100080865 | B19: 50 | C19: #N/A
A20: 100080895 | B20: 48.195 | C20: #N/A
A21: 100080695 | B21: 50 | C21: #N/A
A22: 100025053 | B22: 57.54 | C22: 89
A23: 100024321 | B23: 64.01 | C23: 99
A24: 100024462 | B24: 61.66 | C24: 80
A25: 100012153 | B25: 68.53 | C25: 106
A26: 100080955 | B26: 59.48 | C26: 92
A27: 100080952 | B27: 64.01 | C27: 99
A28: 100004788 | B28: 68.53 | C28: 106
A29: 100019550 | B29: 63.36 | C29: 98
A30: 100026068 | B30: 56.25 | C30: 87
A31: 100011590 | B31: 50 | C31: #N/A
A32: 100018746 | B32: 45.05 | C32: 67
A33: 100020970 | B33: 33.41 | C33: 51
A34: 100020969 | B34: 47.17 | C34: 72
A35: 100013891 | B35: 66.57 | C35: 99
A36: 100012997 | B36: 63.36 | C36: 98
A37: 100023317 | B37: 53.72 | C37: 82
A38: 100016489 | B38: 53.79 | C38: #N/A
A39: 100013892 | B39: 66.57 | C39: 99
A40: 100026387 | B40: 51.1 | C40: 76
A41: 100016443 | B41: 65.9 | C41: 98
A42: 100025311 | B42: 60.12 | C42: 85
A43: 100024244 | B43: 60.12 | C43: 85
A44: 100023686 | B44: 60.12 | C44: 85
A45: 100023685 | B45: 60.12 | C45: 85
A46: 100024999 | B46: 60.12 | C46: 85
A47: 100025310 | B47: 60.12 | C47: 85
A48: 100023682 | B48: 60.12 | C48: 85
A49: 100023681 | B49: 60.12 | C49: 85
A50: 100024932 | B50: 60.12 | C50: 85
... A54: 100080762 | B54: 29.32 | C54: 44
A55: 100017182 | B55: 32 | C55: #N/A
A56: 100080938 | B56: 69 | C56: #N/A
A57: 100024599 | B57: 46 | C57: 85
A58: 100080942 | B58: 69 | C58: #N/A
A59: 100080943 | B59: 69 | C59: #N/A
A60: 100080941 | B60: 69 | C60: #N/A
A61: 100080939 | B61: 69 | C61: 120
A62: 100080940 | B62: 69 | C62: #N/A
A63: 100016044 | B63: 69 | C63: #N/A
A64: 100016043 | B64: 69 | C64: #N/A
A65: 100016042 | B65: 69 | C65: #N/A
A66: 100016045 | B66: 69 | C66: #N/A
A67: 101000079 | B67: 65.9 | C67: 98
A68: 100017982 | B68: 50.45 | C68: 77
A69: 100023425 | B69: 57 | C69: 87
A70: 100020837 | B70: 35.38 | C70: 54
A71: 100021658 | B71: 35.38 | C71: 54
A72: 100080802 | B72: 66.57 | C72: 99
A73: 100020838 | B73: 65.9 | C73: 98
A74: 100025670 | B74: 33.41 | C74: 51
A75: 100025843 | B75: 53.79 | C75: 80
A76: 100021978 | B76: 50.45 | C76: 77
A77: 100024596 | B77: 65.9 | C77: 98
A78: 100026385 | B78: 51.1 | C78: 76
... A91: 100025848 | B91: 53.79 | C91: 80
A92: 100013077 | B92: 47.74 | C92: #N/A
A93: 100012746 | B93: 65.9 | C93: 98
A94: 100025845 | B94: 53.79 | C94: 80
A95: 100013075 | B95: 45.05 | C95: 67
A96: 100025282 | B96: 49.76 | C96: 74
A97: 100010093 | B97: 53.79 | C97: #N/A
A98: 100016413 | B98: 59.84 | C98: 89
A99: 100013078 | B99: 36.31 | C99: 66
A100: 100005585 | B100: 65.9 | C100: 98
A101: 100016412 | B101: 59.84 | C101: 89
A102: 100080644 | B102: 66.57 | C102: 99
A103: 100018745 | B103: 45.05 | C103: 67
A104: 100019234 | B104: 49.76 | C104: 74
A105: 100025846 | B105: 53.79 | C105: 80
A106: 100025842 | B106: 53.79 | C106: 80
A107: 100080975 | B107: 57.54 | C107: 89
A108: 100019233 | B108: 49.09 | C108: 73
A109: 100025893 | B109: 61.66 | C109: 80
... A113: 100024420 | B113: 61.66 | C113: 80
A114: 100016248 | B114: 50 | C114: #N/A
A115: 100009364 | B115: 38.819 | C115: #N/A
A116: 100009359 | B116: 24.7002 | C116: #N/A
A117: 100080381 | B117: 29.37 | C117: 54.166667
A118: 100020133 | B118: 48.87 | C118: 72
A119: 100018656 | B119: 66.68 | C119: 98
A120: 100018872 | B120: 66.68 | C120: 98
...

Sheet Hoja8

Sheet Hoja4
A1: SKU | B1: UPC | C1: DESCRIPCIÓN | D1: Plazas o Tiendas que Aplica
A2: 100021813 | B2: 7503023959506 | C2: CAMEL MAX DOUBLE 1 27.4 G | D2: Reynosa | E2: SI
A3: 100021813 | B3: 7503023959506 | C3: CAMEL MAX DOUBLE 1 27.4 G | D3: Matamoros | E3: SI
A4: 100021813 | B4: 7503023959506 | C4: CAMEL MAX DOUBLE 1 27.4 G | D4: México | E4: SI
A5: 100021813 | B5: 7503023959506 | C5: CAMEL MAX DOUBLE 1 27.4 G | D5: Jalisco | E5: SI
A6: 100021813 | B6: 7503023959506 | C6: CAMEL MAX DOUBLE 1 27.4 G | D6: Saltillo | E6: SI
A7: 100021813 | B7: 7503023959506 | C7: CAMEL MAX DOUBLE 1 27.4 G | D7: Torreón | E7: SI
A8: 100021813 | B8: 7503023959506 | C8: CAMEL MAX DOUBLE 1 27.4 G | D8: Nuevo León | E8: SI
A9: 100021813 | B9: 7503023959506 | C9: CAMEL MAX DOUBLE 1 27.4 G | D9: Tijuana | E9: SI
A10: 100021813 | B10: 7503023959506 | C10: CAMEL MAX DOUBLE 1 27.4 G | D10: Ensenada | E10: SI
A11: 100021813 | B11: 7503023959506 | C11: CAMEL MAX DOUBLE 1 27.4 G | D11: Mexicali | E11: SI
A12: 100021813 | B12: 7503023959506 | C12: CAMEL MAX DOUBLE 1 27.4 G | D12: Hermosillo | E12: SI
A13: 100021813 | B13: 7503023959506 | C13: CAMEL MAX DOUBLE 1 27.4 G | D13: Puebla | E13: SI
... A301: 75022266 | B301: 100020945 | C301: LM LM 14S 14S 1 CAJETILLA | D301: Quintana Roo | E301: SI
A302: =+_xlfn.XLOOKUP(C302,[1]master!C:C,[1]master!A:A) -> 100019232 | B302: =+_xlfn.XLOOKUP(C302,[1]master!C:C,[1]master!B:B) -> 75074876 | C302: PALL MALL XL RED & CLICK 15S 1 CAJETILLA | D302: México | E302: SI
A303: =+_xlfn.XLOOKUP(C303,[1]master!C:C,[1]master!A:A) -> 100019228 | B303: =+_xlfn.XLOOKUP(C303,[1]master!C:C,[1]master!B:B) -> 75074883 | C303: PALL MALL XL WHITE& CLICK 15S 1 CAJETILLA | D303: México | E303: SI
A304: =+_xlfn.XLOOKUP(C304,[1]master!C:C,[1]master!A:A) -> 100080892 | B304: =+_xlfn.XLOOKUP(C304,[1]master!C:C,[1]master!B:B) -> 75042943 | C304: PALL MALL RED AND CLICK 15 | D304: México | E304: SI
A305: =+_xlfn.XLOOKUP(C305,[1]master!C:C,[1]master!A:A) -> 100080878 | B305: =+_xlfn.XLOOKUP(C305,[1]master!C:C,[1]master!B:B) -> 75039875 | C305: PALL MALL WHITE AND CLICK 15 | D305: México | E305: SI
A306: =+_xlfn.XLOOKUP(C306,[1]master!C:C,[1]master!A:A) -> 100020970 | B306: =+_xlfn.XLOOKUP(C306,[1]master!C:C,[1]master!B:B) -> 75076405 | C306: MONTANA CLASSI 14S 1 CAJETILLA | D306: Morelos | E306: SI
A307: =+_xlfn.XLOOKUP(C307,[1]master!C:C,[1]master!A:A) -> 100020969 | B307: =+_xlfn.XLOOKUP(C307,[1]master!C:C,[1]master!B:B) -> 75076740 | C307: MONTANA CLASSI 20S 1 CAJETILLA | D307: Morelos | E307: SI
A308: =+_xlfn.XLOOKUP(C308,[1]master!C:C,[1]master!A:A) -> 100023317 | B308: =+_xlfn.XLOOKUP(C308,[1]master!C:C,[1]master!B:B) -> 75078843 | C308: MONTANA SHOTS CLASSICS 25 PZ | D308: Morelos | E308: SI
A309: =+_xlfn.XLOOKUP(C309,[1]master!C:C,[1]master!A:A) -> 100019232 | B309: =+_xlfn.XLOOKUP(C309,[1]master!C:C,[1]master!B:B) -> 75074876 | C309: PALL MALL XL RED & CLICK 15S 1 CAJETILLA | D309: Morelos | E309: SI
A310: =+_xlfn.XLOOKUP(C310,[1]master!C:C,[1]master!A:A) -> 100019228 | B310: =+_xlfn.XLOOKUP(C310,[1]master!C:C,[1]master!B:B) -> 75074883 | C310: PALL MALL XL WHITE& CLICK 15S 1 CAJETILLA | D310: Morelos | E310: SI
A311: =+_xlfn.XLOOKUP(C311,[1]master!C:C,[1]master!A:A) -> 100019232 | B311: =+_xlfn.XLOOKUP(C311,[1]master!C:C,[1]master!B:B) -> 75074876 | C311: PALL MALL XL RED & CLICK 15S 1 CAJETILLA | D311: Quintana Roo | E311: SI
A312: =+_xlfn.XLOOKUP(C312,[1]master!C:C,[1]master!A:A) -> 100019228 | B312: =+_xlfn.XLOOKUP(C312,[1]master!C:C,[1]master!B:B) -> 75074883 | C312: PALL MALL XL WHITE& CLICK 15S 1 CAJETILLA | D312: Quintana Roo | E312: SI
A313: =+_xlfn.XLOOKUP(C313,[1]master!C:C,[1]master!A:A) -> 100080892 | B313: =+_xlfn.XLOOKUP(C313,[1]master!C:C,[1]master!B:B) -> 75042943 | C313: PALL MALL RED AND CLICK 15 | D313: Quintana Roo | E313: SI
... A370: =+_xlfn.XLOOKUP(C370,[1]master!C:C,[1]master!A:A) -> 100080878 | B370: =+_xlfn.XLOOKUP(C370,[1]master!C:C,[1]master!B:B) -> 75039875 | C370: PALL MALL WHITE AND CLICK 15 | D370: Yucatán | E370: SI

Sheet INNOVACIÓN
A1: UPC | B1: INNOVACION
A2: 7503023959148 | B2: SI | C2: CAMEL NATURAL FLAVOR 20 | D2: =+_xlfn.XLOOKUP(A2,MASTER!B:B,MASTER!C:C) -> CAMEL NATURAL FLAVOR 20
A3: 7503023959438 | B3: SI | C3: WINSTON OASIS FRES 27.4 G | D3: =+_xlfn.XLOOKUP(A3,MASTER!B:B,MASTER!C:C) -> WINSTON OASIS FRES 27.4 G
A4: 75083762 | B4: SI | C4: PALL MALL PALL MALL SELECT 14 PZ | D4: =+_xlfn.XLOOKUP(A4,MASTER!B:B,MASTER!C:C) -> PALL MALL PALL MALL SELECT 14 PZ
A5: 75083755 | B5: SI | C5: PALL MALL PALL MALL SELECT 20 PZ | D5: =+_xlfn.XLOOKUP(A5,MASTER!B:B,MASTER!C:C) -> PALL MALL PALL MALL SELECT 20 PZ
A6: 75087142 | B6: SI | C6: PALL MALL SUMMER ALASKA 20 PZ | D6: =+_xlfn.XLOOKUP(A6,MASTER!B:B,MASTER!C:C) -> PALL MALL SUMMER ALASKA 20 PZ
A7: 75087159 | B7: SI | C7: PALL MALL SUMMER TOKYO 20 PZ | D7: =+_xlfn.XLOOKUP(A7,MASTER!B:B,MASTER!C:C) -> PALL MALL SUMMER TOKYO 20 PZ
A8: 75087166 | B8: SI | C8: PALL MALL SUMMER MYKONOS 20 PZ | D8: =+_xlfn.XLOOKUP(A8,MASTER!B:B,MASTER!C:C) -> PALL MALL SUMMER MYKONOS 20 PZ
A9: 75087173 | B9: SI | C9: PALL MALL SUMMER HAWAII 20 PZ | D9: =+_xlfn.XLOOKUP(A9,MASTER!B:B,MASTER!C:C) -> PALL MALL SUMMER HAWAII 20 PZ
A10: 75087180 | B10: SI | C10: PALL MALL SUMMER MANILA 20 PZ | D10: =+_xlfn.XLOOKUP(A10,MASTER!B:B,MASTER!C:C) -> PALL MALL SUMMER MANILA 20 PZ
A11: 75087197 | B11: SI | C11: PALL MALL SUMMER SELECT RED 25 PZ | D11: =+_xlfn.XLOOKUP(A11,MASTER!B:B,MASTER!C:C) -> PALL MALL SUMMER SELECT RED 25 PZ
A12: 75087203 | B12: SI | C12: PALL MALL SUMMER SELECT GOLD 14 PZ | D12: =+_xlfn.XLOOKUP(A12,MASTER!B:B,MASTER!C:C) -> PALL MALL SUMMER SELECT GOLD 14 PZ
A13: 75087210 | B13: SI | C13: SHOTS CLASSICS SUMMER 25 PZ | D13: =+_xlfn.XLOOKUP(A13,MASTER!B:B,MASTER!C:C) -> SHOTS CLASSICS SUMMER 25 PZ
... A37: 7502274777464 | B37: SI | C37: SESH CLEAR 10S 2MG 1 PZ | D37: =+_xlfn.XLOOKUP(A37,MASTER!B:B,MASTER!C:C) -> SESH CLEAR 10S 2MG 1 PZ

Sheet Hoja2
A1: articulo | B1: sku | C1: estatus | E1: articulo | F1: sku | G1: estatus
A2: =+_xlfn.XLOOKUP(B2,MASTER!B:B,MASTER!C:C) -> LUCKY STRIKE ORIGINS BRIGHT 20 PZ | B2: 75079895 | C2: =+_xlfn.XLOOKUP(B2,MASTER!B:B,MASTER!I:I) -> Descontinuado (con stock) | E2: =+_xlfn.XLOOKUP(F2,MASTER!B:B,MASTER!C:C) -> LUCKY STRIKE ORIGINS BRIGHT 20 PZ | F2: {=+_xlfn.UNIQUE(B2:B88)} -> 75079895 | G2: =+_xlfn.XLOOKUP(F2,MASTER!B:B,MASTER!I:I) -> Descontinuado (con stock)
A3: =+_xlfn.XLOOKUP(B3,MASTER!B:B,MASTER!C:C) -> LUCKY STRIKE ORIGINS BRIGHT 20 PZ | B3: 75079895 | C3: =+_xlfn.XLOOKUP(B3,MASTER!B:B,MASTER!I:I) -> Descontinuado (con stock) | E3: =+_xlfn.XLOOKUP(F3,MASTER!B:B,MASTER!C:C) -> LUCKY STRIKE ORIGINS DARK 20 PZ | F3: 75079901 | G3: =+_xlfn.XLOOKUP(F3,MASTER!B:B,MASTER!I:I) -> Descontinuado (con stock)
A4: =+_xlfn.XLOOKUP(B4,MASTER!B:B,MASTER!C:C) -> LUCKY STRIKE ORIGINS DARK 20 PZ | B4: 75079901 | C4: =+_xlfn.XLOOKUP(B4,MASTER!B:B,MASTER!I:I) -> Descontinuado (con stock) | E4: =+_xlfn.XLOOKUP(F4,MASTER!B:B,MASTER!C:C) -> LUCKY STRIKE ORIGINS RICH 20 PZ | F4: 75079888 | G4: =+_xlfn.XLOOKUP(F4,MASTER!B:B,MASTER!I:I) -> Descontinuado (con stock)
A5: =+_xlfn.XLOOKUP(B5,MASTER!B:B,MASTER!C:C) -> LUCKY STRIKE ORIGINS DARK 20 PZ | B5: 75079901 | C5: =+_xlfn.XLOOKUP(B5,MASTER!B:B,MASTER!I:I) -> Descontinuado (con stock) | E5: =+_xlfn.XLOOKUP(F5,MASTER!B:B,MASTER!C:C) -> LUCKY STRIKE ORIGINAL RED 20 PZ | F5: 75079956 | G5: =+_xlfn.XLOOKUP(F5,MASTER!B:B,MASTER!I:I) -> Descontinuado (con stock)
A6: =+_xlfn.XLOOKUP(B6,MASTER!B:B,MASTER!C:C) -> LUCKY STRIKE ORIGINS RICH 20 PZ | B6: 75079888 | C6: =+_xlfn.XLOOKUP(B6,MASTER!B:B,MASTER!I:I) -> Descontinuado (con stock) | E6: =+_xlfn.XLOOKUP(F6,MASTER!B:B,MASTER!C:C) -> LUCKY STRIKE AMARILLOS 20S | F6: 75046521 | G6: =+_xlfn.XLOOKUP(F6,MASTER!B:B,MASTER!I:I) -> Activo
A7: =+_xlfn.XLOOKUP(B7,MASTER!B:B,MASTER!C:C) -> LUCKY STRIKE ORIGINS RICH 20 PZ | B7: 75079888 | C7: =+_xlfn.XLOOKUP(B7,MASTER!B:B,MASTER!I:I) -> Descontinuado (con stock) | E7: =+_xlfn.XLOOKUP(F7,MASTER!B:B,MASTER!C:C) -> LUCKY STRIKE CLICK 4 MIX | F7: 75051785 | G7: =+_xlfn.XLOOKUP(F7,MASTER!B:B,MASTER!I:I) -> Activo
A8: =+_xlfn.XLOOKUP(B8,MASTER!B:B,MASTER!C:C) -> LUCKY STRIKE ORIGINAL RED 20 PZ | B8: 75079956 | C8: =+_xlfn.XLOOKUP(B8,MASTER!B:B,MASTER!I:I) -> Descontinuado (con stock) | E8: =+_xlfn.XLOOKUP(F8,MASTER!B:B,MASTER!C:C) -> LUCKY STRIKE COMET 20S 1 CAJETILLA | F8: 75074227 | G8: =+_xlfn.XLOOKUP(F8,MASTER!B:B,MASTER!I:I) -> Activo
A9: =+_xlfn.XLOOKUP(B9,MASTER!B:B,MASTER!C:C) -> LUCKY STRIKE AMARILLOS 20S | B9: 75046521 | C9: =+_xlfn.XLOOKUP(B9,MASTER!B:B,MASTER!I:I) -> Activo | E9: =+_xlfn.XLOOKUP(F9,MASTER!B:B,MASTER!C:C) -> LUCKY STRIKE ENIGMA 100S 1PZ | F9: 75064716 | G9: =+_xlfn.XLOOKUP(F9,MASTER!B:B,MASTER!I:I) -> Activo
A10: =+_xlfn.XLOOKUP(B10,MASTER!B:B,MASTER!C:C) -> LUCKY STRIKE AMARILLOS 20S | B10: 75046521 | C10: =+_xlfn.XLOOKUP(B10,MASTER!B:B,MASTER!I:I) -> Activo | E10: =+_xlfn.XLOOKUP(F10,MASTER!B:B,MASTER!C:C) -> LUCKY STRIKE ORIGINAL FF 20S TUBE | F10: 75048129 | G10: =+_xlfn.XLOOKUP(F10,MASTER!B:B,MASTER!I:I) -> Activo
A11: =+_xlfn.XLOOKUP(B11,MASTER!B:B,MASTER!C:C) -> LUCKY STRIKE CLICK 4 MIX | B11: 75051785 | C11: =+_xlfn.XLOOKUP(B11,MASTER!B:B,MASTER!I:I) -> Activo | E11: =+_xlfn.XLOOKUP(F11,MASTER!B:B,MASTER!C:C) -> LUCKY STRIKE AMARILLOS 25S | F11: 75046545 | G11: =+_xlfn.XLOOKUP(F11,MASTER!B:B,MASTER!I:I) -> Activo
A12: =+_xlfn.XLOOKUP(B12,MASTER!B:B,MASTER!C:C) -> LUCKY STRIKE CLICK 4 MIX | B12: 75051785 | C12: =+_xlfn.XLOOKUP(B12,MASTER!B:B,MASTER!I:I) -> Activo | E12: =+_xlfn.XLOOKUP(F12,MASTER!B:B,MASTER!C:C) -> LUCKY STRIKE 20S ME TDC 1PZ | F12: 75063504 | G12: =+_xlfn.XLOOKUP(F12,MASTER!B:B,MASTER!I:I) -> Activo
A13: =+_xlfn.XLOOKUP(B13,MASTER!B:B,MASTER!C:C) -> LUCKY STRIKE COMET 20S 1 CAJETILLA | B13: 75074227 | C13: =+_xlfn.XLOOKUP(B13,MASTER!B:B,MASTER!I:I) -> Activo | E13: =+_xlfn.XLOOKUP(F13,MASTER!B:B,MASTER!C:C) -> MONTANA SHOTS 15S 1PZ | F13: 75064747 | G13: =+_xlfn.XLOOKUP(F13,MASTER!B:B,MASTER!I:I) -> Activo
A14: =+_xlfn.XLOOKUP(B14,MASTER!B:B,MASTER!C:C) -> LUCKY STRIKE COMET 20S 1 CAJETILLA | B14: 75074227 | C14: =+_xlfn.XLOOKUP(B14,MASTER!B:B,MASTER!I:I) -> Activo | E14: =+_xlfn.XLOOKUP(F14,MASTER!B:B,MASTER!C:C) -> PALL MALL XL ALASKA 15S 1 CAJETILLA | F14: 75074975 | G14: =+_xlfn.XLOOKUP(F14,MASTER!B:B,MASTER!I:I) -> Activo
... A46: =+_xlfn.XLOOKUP(B46,MASTER!B:B,MASTER!C:C) -> PALL MALL LONDON 20S 1 CAJETILLA | B46: 75076412 | C46: =+_xlfn.XLOOKUP(B46,MASTER!B:B,MASTER!I:I) -> Activo | E46: =+_xlfn.XLOOKUP(F46,MASTER!B:B,MASTER!C:C) -> PALL MALL PM MANILA DAYLIGHT 20 PZ | F46: 75083632 | G46: =+_xlfn.XLOOKUP(F46,MASTER!B:B,MASTER!I:I) -> Activo
A47: =+_xlfn.XLOOKUP(B47,MASTER!B:B,MASTER!C:C) -> PALL MALL XL MYKONO 15S 1 CAJETILLA | B47: 75074999 | C47: =+_xlfn.XLOOKUP(B47,MASTER!B:B,MASTER!I:I) -> Activo | E47: =+_xlfn.XLOOKUP(F47,MASTER!B:B,MASTER!C:C) -> #N/A | F47: 75084332 | G47: =+_xlfn.XLOOKUP(F47,MASTER!B:B,MASTER!I:I) -> #N/A
A48: =+_xlfn.XLOOKUP(B48,MASTER!B:B,MASTER!C:C) -> PALL MALL XL MYKONO 15S 1 CAJETILLA | B48: 75074999 | C48: =+_xlfn.XLOOKUP(B48,MASTER!B:B,MASTER!I:I) -> Activo
A49: =+_xlfn.XLOOKUP(B49,MASTER!B:B,MASTER!C:C) -> PALL MALL XL RÍO SU 20S 1 CAJETILLA | B49: 75074944 | C49: =+_xlfn.XLOOKUP(B49,MASTER!B:B,MASTER!I:I) -> Descontinuado (con stock)
A50: =+_xlfn.XLOOKUP(B50,MASTER!B:B,MASTER!C:C) -> PALL MALL XL RÍO SU 20S 1 CAJETILLA | B50: 75074944 | C50: =+_xlfn.XLOOKUP(B50,MASTER!B:B,MASTER!I:I) -> Descontinuado (con stock)
A51: =+_xlfn.XLOOKUP(B51,MASTER!B:B,MASTER!C:C) -> PALL MALL XL TOKYO 15S 1 CAJETILLA | B51: 75074982 | C51: =+_xlfn.XLOOKUP(B51,MASTER!B:B,MASTER!I:I) -> Activo
A52: =+_xlfn.XLOOKUP(B52,MASTER!B:B,MASTER!C:C) -> PALL MALL XL TOKYO 15S 1 CAJETILLA | B52: 75074982 | C52: =+_xlfn.XLOOKUP(B52,MASTER!B:B,MASTER!I:I) -> Activo
A53: =+_xlfn.XLOOKUP(B53,MASTER!B:B,MASTER!C:C) -> PALL MALL ALASKA DUSK 20 | B53: 75071295 | C53: =+_xlfn.XLOOKUP(B53,MASTER!B:B,MASTER!I:I) -> Activo
A54: =+_xlfn.XLOOKUP(B54,MASTER!B:B,MASTER!C:C) -> PALL MALL ALASKA DUSK 20 | B54: 75071295 | C54: =+_xlfn.XLOOKUP(B54,MASTER!B:B,MASTER!I:I) -> Activo
A55: =+_xlfn.XLOOKUP(B55,MASTER!B:B,MASTER!C:C) -> PALL MALL XL ATHENS 20S 1 CAJETILLA | B55: 75074913 | C55: =+_xlfn.XLOOKUP(B55,MASTER!B:B,MASTER!I:I) -> Descontinuado (con stock)
A56: =+_xlfn.XLOOKUP(B56,MASTER!B:B,MASTER!C:C) -> PALL MALL RED AND CLICK 20 | B56: 75027766 | C56: =+_xlfn.XLOOKUP(B56,MASTER!B:B,MASTER!I:I) -> Activo
A57: =+_xlfn.XLOOKUP(B57,MASTER!B:B,MASTER!C:C) -> PALL MALL RED AND CLICK 20 | B57: 75027766 | C57: =+_xlfn.XLOOKUP(B57,MASTER!B:B,MASTER!I:I) -> Activo
A58: =+_xlfn.XLOOKUP(B58,MASTER!B:B,MASTER!C:C) -> PALL MALL XL FUJI 20S 1 CAJETILLA | B58: 75074937 | C58: =+_xlfn.XLOOKUP(B58,MASTER!B:B,MASTER!I:I) -> Descontinuado (con stock)
A59: =+_xlfn.XLOOKUP(B59,MASTER!B:B,MASTER!C:C) -> PALL MALL XL FUJI 20S 1 CAJETILLA | B59: 75074937 | C59: =+_xlfn.XLOOKUP(B59,MASTER!B:B,MASTER!I:I) -> Descontinuado (con stock)
... A87: =+_xlfn.XLOOKUP(B87,MASTER!B:B,MASTER!C:C) -> PALL MALL PM MANILA DAYLIGHT 20 PZ | B87: 75083632 | C87: =+_xlfn.XLOOKUP(B87,MASTER!B:B,MASTER!I:I) -> Activo
A88: =+_xlfn.XLOOKUP(B88,MASTER!B:B,MASTER!C:C) -> #N/A | B88: 75084332 | C88: =+_xlfn.XLOOKUP(B88,MASTER!B:B,MASTER!I:I) -> #N/A

Sheet Hoja1
A1: ARTICULO | B1: UPC | C1: DESCRIPCIÓN | D1: PROVEEDOR | E1: FAMILIA | F1: SEGMENTO | G1: SABOR | H1: SUBCATEGORIA | I1: ESTATUS | J1: INNOVACION | K1: MERMA | L1: PERIODO | M1: ALCANCE
A2: 100024998 | B2: 7311250046988 | C2: ZYN SPEARMINT 6MG STRONG CAJETILLA PZ | D2: PMI | E2: ZYN | F2: ORAL | G2: F&S | H2: NICOTINE POUCHES | I2: Activo | J2: =+_xlfn.XLOOKUP(B2,INNOVACIÓN!A:A,INNOVACIÓN!B:B,"NO") -> NO | K2: =+_xlfn.XLOOKUP(B2,MERMA!B:B,MERMA!C:C,"No") -> No | L2: =+_xlfn.XLOOKUP(B2,MERMA!B:B,MERMA!D:D,"No es merma") -> No es merma
A3: 100024997 | B3: 7311250046971 | C3: ZYN SPEARMINT 3MG MEDIUM CAJETILLA PZ | D3: PMI | E3: ZYN | F3: ORAL | G3: F&S | H3: NICOTINE POUCHES | I3: Activo | J3: =+_xlfn.XLOOKUP(B3,INNOVACIÓN!A:A,INNOVACIÓN!B:B,"NO") -> NO | K3: =+_xlfn.XLOOKUP(B3,MERMA!B:B,MERMA!C:C,"No") -> No | L3: =+_xlfn.XLOOKUP(B3,MERMA!B:B,MERMA!D:D,"No es merma") -> No es merma
A4: 100025304 | B4: 7311250048388 | C4: ZYN SPEARMINIT 1.5MG LOW CAJETILLA PZ | D4: PMI | E4: ZYN | F4: ORAL | G4: F&S | H4: NICOTINE POUCHES | I4: Activo | J4: =+_xlfn.XLOOKUP(B4,INNOVACIÓN!A:A,INNOVACIÓN!B:B,"NO") -> NO | K4: =+_xlfn.XLOOKUP(B4,MERMA!B:B,MERMA!C:C,"No") -> No | L4: =+_xlfn.XLOOKUP(B4,MERMA!B:B,MERMA!D:D,"No es merma") -> No es merma
A5: 100026067 | B5: 7311250035579 | C5: ZYN PEACH 6MG STRONG LATA PZ | D5: PMI | E5: ZYN | F5: ORAL | G5: F&S | H5: NICOTINE POUCHES | I5: Activo | J5: =+_xlfn.XLOOKUP(B5,INNOVACIÓN!A:A,INNOVACIÓN!B:B,"NO") -> NO | K5: =+_xlfn.XLOOKUP(B5,MERMA!B:B,MERMA!C:C,"No") -> No | L5: =+_xlfn.XLOOKUP(B5,MERMA!B:B,MERMA!D:D,"No es merma") -> No es merma
A6: 100026065 | B6: 7311250035593 | C6: ZYN PEACH 3MG MEDIUM LATA PZ | D6: PMI | E6: ZYN | F6: ORAL | G6: F&S | H6: NICOTINE POUCHES | I6: Activo | J6: =+_xlfn.XLOOKUP(B6,INNOVACIÓN!A:A,INNOVACIÓN!B:B,"NO") -> NO | K6: =+_xlfn.XLOOKUP(B6,MERMA!B:B,MERMA!C:C,"No") -> No | L6: =+_xlfn.XLOOKUP(B6,MERMA!B:B,MERMA!D:D,"No es merma") -> No es merma
A7: 100024400 | B7: 7311250044441 | C7: ZYN ESPRESSINO MINI STRONG UNIDAD PZ | D7: PMI | E7: BYE | F7: ORAL | G7: F&S | H7: NICOTINE POUCHES | I7: Descontinuado (con stock) | J7: =+_xlfn.XLOOKUP(B7,INNOVACIÓN!A:A,INNOVACIÓN!B:B,"NO") -> NO | K7: =+_xlfn.XLOOKUP(B7,MERMA!B:B,MERMA!C:C,"No") -> No | L7: =+_xlfn.XLOOKUP(B7,MERMA!B:B,MERMA!D:D,"No es merma") -> No es merma
A8: 100024295 | B8: 7311250044434 | C8: ZYN ESPRESSINO MINI MEDIUM CAJETILLA PZ | D8: PMI | E8: BYE | F8: ORAL | G8: F&S | H8: NICOTINE POUCHES | I8: Descontinuado (con stock) | J8: =+_xlfn.XLOOKUP(B8,INNOVACIÓN!A:A,INNOVACIÓN!B:B,"NO") -> NO | K8: =+_xlfn.XLOOKUP(B8,MERMA!B:B,MERMA!C:C,"No") -> No | L8: =+_xlfn.XLOOKUP(B8,MERMA!B:B,MERMA!D:D,"No es merma") -> No es merma
A9: 100024399 | B9: 7311250044403 | C9: ZYN COOL MINT MINI STRONG UNIDAD PZ | D9: PMI | E9: ZYN | F9: ORAL | G9: F&S | H9: NICOTINE POUCHES | I9: Activo | J9: =+_xlfn.XLOOKUP(B9,INNOVACIÓN!A:A,INNOVACIÓN!B:B,"NO") -> NO | K9: =+_xlfn.XLOOKUP(B9,MERMA!B:B,MERMA!C:C,"No") -> No | L9: =+_xlfn.XLOOKUP(B9,MERMA!B:B,MERMA!D:D,"No es merma") -> No es merma
A10: 100024294 | B10: 7311250044397 | C10: ZYN COOL MINT MINI MEDIUM CAJETILLA PZ | D10: PMI | E10: ZYN | F10: ORAL | G10: F&S | H10: NICOTINE POUCHES | I10: Activo | J10: =+_xlfn.XLOOKUP(B10,INNOVACIÓN!A:A,INNOVACIÓN!B:B,"NO") -> NO | K10: =+_xlfn.XLOOKUP(B10,MERMA!B:B,MERMA!C:C,"No") -> No | L10: =+_xlfn.XLOOKUP(B10,MERMA!B:B,MERMA!D:D,"No es merma") -> No es merma
A11: 100026064 | B11: 7311250035562 | C11: ZYN COOL MINT 1.5MG LOW LATA PZ | D11: PMI | E11: ZYN | F11: ORAL | G11: F&S | H11: NICOTINE POUCHES | I11: Activo | J11: =+_xlfn.XLOOKUP(B11,INNOVACIÓN!A:A,INNOVACIÓN!B:B,"NO") -> NO | K11: =+_xlfn.XLOOKUP(B11,MERMA!B:B,MERMA!C:C,"No") -> No | L11: =+_xlfn.XLOOKUP(B11,MERMA!B:B,MERMA!D:D,"No es merma") -> No es merma
A12: 100024398 | B12: 7311250044427 | C12: ZYN CITRUS MINI STRONG UNIDAD PZ | D12: PMI | E12: ZYN | F12: ORAL | G12: F&S | H12: NICOTINE POUCHES | I12: Activo | J12: =+_xlfn.XLOOKUP(B12,INNOVACIÓN!A:A,INNOVACIÓN!B:B,"NO") -> NO | K12: =+_xlfn.XLOOKUP(B12,MERMA!B:B,MERMA!C:C,"No") -> No | L12: =+_xlfn.XLOOKUP(B12,MERMA!B:B,MERMA!D:D,"No es merma") -> No es merma
A13: 100024293 | B13: 7311250044410 | C13: ZYN CITRUS MINI MEDIUM CAJETILLA PZ | D13: PMI | E13: ZYN | F13: ORAL | G13: F&S | H13: NICOTINE POUCHES | I13: Activo | J13: =+_xlfn.XLOOKUP(B13,INNOVACIÓN!A:A,INNOVACIÓN!B:B,"NO") -> NO | K13: =+_xlfn.XLOOKUP(B13,MERMA!B:B,MERMA!C:C,"No") -> No | L13: =+_xlfn.XLOOKUP(B13,MERMA!B:B,MERMA!D:D,"No es merma") -> No es merma
... A29: 100012997 | B29: 75064716 | C29: LUCKY STRIKE ENIGMA 100S 1PZ | D29: BAT | E29: LUCKY STRIKE | F29: VFM | G29: F&S | H29: CIGARROS | I29: Activo | J29: =+_xlfn.XLOOKUP(B29,INNOVACIÓN!A:A,INNOVACIÓN!B:B,"NO") -> NO | K29: =+_xlfn.XLOOKUP(B29,MERMA!B:B,MERMA!C:C,"No") -> No | L29: =+_xlfn.XLOOKUP(B29,MERMA!B:B,MERMA!D:D,"No es merma") -> No es merma
A30: 100026068 | B30: 75084332 | C30: LUCKY STRIKE LUCKIES STICK 20S 20 PZ | D30: BAT | E30: BYE | F30: VFM | H30: CIGARROS | I30: Descontinuado (con stock) | J30: =+_xlfn.XLOOKUP(B30,INNOVACIÓN!A:A,INNOVACIÓN!B:B,"NO") -> NO | K30: =+_xlfn.XLOOKUP(B30,MERMA!B:B,MERMA!C:C,"No") -> SI | L30: =+_xlfn.XLOOKUP(B30,MERMA!B:B,MERMA!D:D,"No es merma") -> 2026 H1
A31: 100011590 | B31: 7501031700028 | C31: LUCKY STRIKE OR255 PPROMO 1PZ | D31: BAT | E31: LUCKY STRIKE | F31: PREMIUM | G31: FF | H31: CIGARROS | I31: Activo | J31: =+_xlfn.XLOOKUP(B31,INNOVACIÓN!A:A,INNOVACIÓN!B:B,"NO") -> NO | K31: =+_xlfn.XLOOKUP(B31,MERMA!B:B,MERMA!C:C,"No") -> No | L31: =+_xlfn.XLOOKUP(B31,MERMA!B:B,MERMA!D:D,"No es merma") -> No es merma
A32: 100080975 | B32: 75048129 | C32: LUCKY STRIKE ORIGINAL FF 20S TUBE | D32: BAT | E32: LUCKY STRIKE | F32: VFM | G32: FULL FLAVOR | H32: CIGARROS | I32: Activo | J32: =+_xlfn.XLOOKUP(B32,INNOVACIÓN!A:A,INNOVACIÓN!B:B,"NO") -> NO | K32: =+_xlfn.XLOOKUP(B32,MERMA!B:B,MERMA!C:C,"No") -> No | L32: =+_xlfn.XLOOKUP(B32,MERMA!B:B,MERMA!D:D,"No es merma") -> No es merma
A33: 100020970 | B33: 75076405 | C33: MONTANA CLASSI 14S 1 CAJETILLA | D33: BAT | E33: MONTANA | F33: Bajo-UL | G33: FULL FLAVOR | H33: CIGARROS | I33: Activo | J33: =+_xlfn.XLOOKUP(B33,INNOVACIÓN!A:A,INNOVACIÓN!B:B,"NO") -> NO | K33: =+_xlfn.XLOOKUP(B33,MERMA!B:B,MERMA!C:C,"No") -> No | L33: =+_xlfn.XLOOKUP(B33,MERMA!B:B,MERMA!D:D,"No es merma") -> No es merma
A34: 100020969 | B34: 75076740 | C34: MONTANA CLASSI 20S 1 CAJETILLA | D34: BAT | E34: MONTANA | F34: Bajo-UL | G34: FULL FLAVOR | H34: CIGARROS | I34: Activo | J34: =+_xlfn.XLOOKUP(B34,INNOVACIÓN!A:A,INNOVACIÓN!B:B,"NO") -> NO | K34: =+_xlfn.XLOOKUP(B34,MERMA!B:B,MERMA!C:C,"No") -> No | L34: =+_xlfn.XLOOKUP(B34,MERMA!B:B,MERMA!D:D,"No es merma") -> No es merma
A35: 100013075 | B35: 75064747 | C35: MONTANA SHOTS 15S 1PZ | D35: BAT | E35: MONTANA | F35: LOW | G35: FULL FLAVOR | H35: CIGARROS | I35: Activo | J35: =+_xlfn.XLOOKUP(B35,INNOVACIÓN!A:A,INNOVACIÓN!B:B,"NO") -> NO | K35: =+_xlfn.XLOOKUP(B35,MERMA!B:B,MERMA!C:C,"No") -> No | L35: =+_xlfn.XLOOKUP(B35,MERMA!B:B,MERMA!D:D,"No es merma") -> No es merma
A36: 100013892 | B36: 75064754 | C36: MONTANA SHOTS 1PZ | D36: BAT | E36: MONTANA | F36: LOW | G36: FULL FLAVOR | H36: CIGARROS | I36: Activo | J36: =+_xlfn.XLOOKUP(B36,INNOVACIÓN!A:A,INNOVACIÓN!B:B,"NO") -> NO | K36: =+_xlfn.XLOOKUP(B36,MERMA!B:B,MERMA!C:C,"No") -> No | L36: =+_xlfn.XLOOKUP(B36,MERMA!B:B,MERMA!D:D,"No es merma") -> No es merma
A37: 100023317 | B37: 75078843 | C37: MONTANA SHOTS CLASSICS 25 PZ | D37: BAT | E37: MONTANA | F37: Bajo-UL | G37: FULL FLAVOR | H37: CIGARROS | I37: Activo | J37: =+_xlfn.XLOOKUP(B37,INNOVACIÓN!A:A,INNOVACIÓN!B:B,"NO") -> NO | K37: =+_xlfn.XLOOKUP(B37,MERMA!B:B,MERMA!C:C,"No") -> No | L37: =+_xlfn.XLOOKUP(B37,MERMA!B:B,MERMA!D:D,"No es merma") -> No es merma
A38: 100016489 | B38: 75071301 | C38: PALL MALL ALASKA DUSK 15 | D38: BAT | E38: BYE | F38: VFM | G38: MENTHOL | H38: CIGARROS | I38: Activo | J38: =+_xlfn.XLOOKUP(B38,INNOVACIÓN!A:A,INNOVACIÓN!B:B,"NO") -> NO | K38: =+_xlfn.XLOOKUP(B38,MERMA!B:B,MERMA!C:C,"No") -> No | L38: =+_xlfn.XLOOKUP(B38,MERMA!B:B,MERMA!D:D,"No es merma") -> No es merma
A39: 100016443 | B39: 75071295 | C39: PALL MALL ALASKA DUSK 20 | D39: BAT | E39: PALL MALL | F39: VFM | G39: MENTHOL | H39: CIGARROS | I39: Activo | J39: =+_xlfn.XLOOKUP(B39,INNOVACIÓN!A:A,INNOVACIÓN!B:B,"NO") -> NO | K39: =+_xlfn.XLOOKUP(B39,MERMA!B:B,MERMA!C:C,"No") -> No | L39: =+_xlfn.XLOOKUP(B39,MERMA!B:B,MERMA!D:D,"No es merma") -> No es merma
A40: 100026387 | B40: 75080501 | C40: PALL MALL ARUBA 20 PZ | D40: BAT | E40: PALL MALL | F40: Medio-Bajo | G40: LOW-TAR | H40: CIGARROS | I40: Activo | J40: =+_xlfn.XLOOKUP(B40,INNOVACIÓN!A:A,INNOVACIÓN!B:B,"NO") -> NO | K40: =+_xlfn.XLOOKUP(B40,MERMA!B:B,MERMA!C:C,"No") -> No | L40: =+_xlfn.XLOOKUP(B40,MERMA!B:B,MERMA!D:D,"No es merma") -> No es merma
A41: 101000079 | B41: 75079017 | C41: PALL MALL BORA BORA SUNBREAK 20 PZ | D41: BAT | E41: PALL MALL | F41: VFM | G41: F&S | H41: CIGARROS | I41: Activo | J41: =+_xlfn.XLOOKUP(B41,INNOVACIÓN!A:A,INNOVACIÓN!B:B,"NO") -> NO | K41: =+_xlfn.XLOOKUP(B41,MERMA!B:B,MERMA!C:C,"No") -> No | L41: =+_xlfn.XLOOKUP(B41,MERMA!B:B,MERMA!D:D,"No es merma") -> No es merma
A42: 100025311 | B42: 75083656 | C42: TEREA TWILIGHT PEARL 20 CAJETILLA PZ | D42: PMI | E42: TEREA | F42: LOW | G42: HTP FLAVOUR | H42: HTP | I42: Activo | J42: =+_xlfn.XLOOKUP(B42,INNOVACIÓN!A:A,INNOVACIÓN!B:B,"NO") -> NO | K42: =+_xlfn.XLOOKUP(B42,MERMA!B:B,MERMA!C:C,"No") -> No | L42: =+_xlfn.XLOOKUP(B42,MERMA!B:B,MERMA!D:D,"No es merma") -> No es merma
... A532: 100026616 | B532: 7622100511038 | C532: IQOS ILUMA I BREEZE BLUE PZ | D532: PMI | E532: IQOS | F532: HTP | G532: NA | H532: HTP | I532: Activo | J532: =+_xlfn.XLOOKUP(B532,INNOVACIÓN!A:A,INNOVACIÓN!B:B,"NO") -> NO | K532: =+_xlfn.XLOOKUP(B532,MERMA!B:B,MERMA!C:C,"No") -> No | L532: =+_xlfn.XLOOKUP(B532,MERMA!B:B,MERMA!D:D,"No es merma") -> No es merma
A533: 100026687 | B533: 75084585 | C533: PALL MALL AIRLINES ALASKA 20 PZ | D533: BAT | E533: BYE | F533: VFM | H533: CIGARROS | I533: Activo | J533: =+_xlfn.XLOOKUP(B533,INNOVACIÓN!A:A,INNOVACIÓN!B:B,"NO") -> NO | K533: =+_xlfn.XLOOKUP(B533,MERMA!B:B,MERMA!C:C,"No") -> No | L533: =+_xlfn.XLOOKUP(B533,MERMA!B:B,MERMA!D:D,"No es merma") -> No es merma
A534: 100026688 | B534: 75084608 | C534: PALL MALL AIRLINES TOKYO 20 PZ | D534: BAT | E534: BYE | F534: VFM | H534: CIGARROS | I534: Activo | J534: =+_xlfn.XLOOKUP(B534,INNOVACIÓN!A:A,INNOVACIÓN!B:B,"NO") -> NO | K534: =+_xlfn.XLOOKUP(B534,MERMA!B:B,MERMA!C:C,"No") -> No | L534: =+_xlfn.XLOOKUP(B534,MERMA!B:B,MERMA!D:D,"No es merma") -> No es merma
A535: 100026689 | B535: 75084592 | C535: PALL MALL AIRLINES MYKONOS 20 PZ | D535: BAT | E535: BYE | F535: VFM | H535: CIGARROS | I535: Activo | J535: =+_xlfn.XLOOKUP(B535,INNOVACIÓN!A:A,INNOVACIÓN!B:B,"NO") -> NO | K535: =+_xlfn.XLOOKUP(B535,MERMA!B:B,MERMA!C:C,"No") -> No | L535: =+_xlfn.XLOOKUP(B535,MERMA!B:B,MERMA!D:D,"No es merma") -> No es merma
A536: 100026690 | B536: 75084646 | C536: PALL MALL AIRLINES HAWAII 20 PZ | D536: BAT | E536: BYE | F536: VFM | H536: CIGARROS | I536: Activo | J536: =+_xlfn.XLOOKUP(B536,INNOVACIÓN!A:A,INNOVACIÓN!B:B,"NO") -> NO | K536: =+_xlfn.XLOOKUP(B536,MERMA!B:B,MERMA!C:C,"No") -> No | L536: =+_xlfn.XLOOKUP(B536,MERMA!B:B,MERMA!D:D,"No es merma") -> No es merma
A537: 100026691 | B537: 75084639 | C537: PALL MALL AIRLINES BORA BORA 20 PZ | D537: BAT | E537: BYE | F537: VFM | H537: CIGARROS | I537: Activo | J537: =+_xlfn.XLOOKUP(B537,INNOVACIÓN!A:A,INNOVACIÓN!B:B,"NO") -> NO | K537: =+_xlfn.XLOOKUP(B537,MERMA!B:B,MERMA!C:C,"No") -> No | L537: =+_xlfn.XLOOKUP(B537,MERMA!B:B,MERMA!D:D,"No es merma") -> No es merma
A538: 100026692 | B538: 75084653 | C538: PALL MALL AIRLINES MANILA 20 PZ | D538: BAT | E538: BYE | F538: VFM | H538: CIGARROS | I538: Activo | J538: =+_xlfn.XLOOKUP(B538,INNOVACIÓN!A:A,INNOVACIÓN!B:B,"NO") -> NO | K538: =+_xlfn.XLOOKUP(B538,MERMA!B:B,MERMA!C:C,"No") -> No | L538: =+_xlfn.XLOOKUP(B538,MERMA!B:B,MERMA!D:D,"No es merma") -> No es merma
A539: 100026676 | B539: 75087142 | C539: PALL MALL SUMMER ALASKA 20 PZ | D539: BAT | E539: BYE | F539: PREMIUM | H539: CIGARROS | I539: Activo | J539: =+_xlfn.XLOOKUP(B539,INNOVACIÓN!A:A,INNOVACIÓN!B:B,"NO") -> SI | K539: =+_xlfn.XLOOKUP(B539,MERMA!B:B,MERMA!C:C,"No") -> No | L539: =+_xlfn.XLOOKUP(B539,MERMA!B:B,MERMA!D:D,"No es merma") -> No es merma
A540: 100026677 | B540: 75087159 | C540: PALL MALL SUMMER TOKYO 20 PZ | D540: BAT | E540: BYE | F540: PREMIUM | H540: CIGARROS | I540: Activo | J540: =+_xlfn.XLOOKUP(B540,INNOVACIÓN!A:A,INNOVACIÓN!B:B,"NO") -> SI | K540: =+_xlfn.XLOOKUP(B540,MERMA!B:B,MERMA!C:C,"No") -> No | L540: =+_xlfn.XLOOKUP(B540,MERMA!B:B,MERMA!D:D,"No es merma") -> No es merma
A541: 100026678 | B541: 75087166 | C541: PALL MALL SUMMER MYKONOS 20 PZ | D541: BAT | E541: BYE | F541: PREMIUM | H541: CIGARROS | I541: Activo | J541: =+_xlfn.XLOOKUP(B541,INNOVACIÓN!A:A,INNOVACIÓN!B:B,"NO") -> SI | K541: =+_xlfn.XLOOKUP(B541,MERMA!B:B,MERMA!C:C,"No") -> No | L541: =+_xlfn.XLOOKUP(B541,MERMA!B:B,MERMA!D:D,"No es merma") -> No es merma
A542: 100026679 | B542: 75087173 | C542: PALL MALL SUMMER HAWAII 20 PZ | D542: BAT | E542: BYE | F542: PREMIUM | H542: CIGARROS | I542: Activo | J542: =+_xlfn.XLOOKUP(B542,INNOVACIÓN!A:A,INNOVACIÓN!B:B,"NO") -> SI | K542: =+_xlfn.XLOOKUP(B542,MERMA!B:B,MERMA!C:C,"No") -> No | L542: =+_xlfn.XLOOKUP(B542,MERMA!B:B,MERMA!D:D,"No es merma") -> No es merma
A543: 100026680 | B543: 75087180 | C543: PALL MALL SUMMER MANILA 20 PZ | D543: BAT | E543: BYE | F543: PREMIUM | H543: CIGARROS | I543: Activo | J543: =+_xlfn.XLOOKUP(B543,INNOVACIÓN!A:A,INNOVACIÓN!B:B,"NO") -> SI | K543: =+_xlfn.XLOOKUP(B543,MERMA!B:B,MERMA!C:C,"No") -> No | L543: =+_xlfn.XLOOKUP(B543,MERMA!B:B,MERMA!D:D,"No es merma") -> No es merma
A544: 100026684 | B544: 75084493 | C544: PALL MALL AMALFI 20 PZ | D544: BAT | E544: PALL MALL | F544: Medio-Bajo | H544: CIGARROS | I544: Activo | J544: =+_xlfn.XLOOKUP(B544,INNOVACIÓN!A:A,INNOVACIÓN!B:B,"NO") -> SI | K544: =+_xlfn.XLOOKUP(B544,MERMA!B:B,MERMA!C:C,"No") -> No | L544: =+_xlfn.XLOOKUP(B544,MERMA!B:B,MERMA!D:D,"No es merma") -> No es merma
... A559: 100027102 | B559: 7503039738874 | C559: VELO PEPPERMINT STORM 10MG 15 PZ | D559: BAT | E559: VELO | F559: ORAL | H559: NICOTINE POUCHES | I559: Activo | J559: =+_xlfn.XLOOKUP(B559,INNOVACIÓN!A:A,INNOVACIÓN!B:B,"NO") -> SI | K559: =+_xlfn.XLOOKUP(B559,MERMA!B:B,MERMA!C:C,"No") -> No | L559: =+_xlfn.XLOOKUP(B559,MERMA!B:B,MERMA!D:D,"No es merma") -> No es merma
A560: 100080354 | C560: CANOS PURO C/5 NATURAL CAJET | D560: PUROS | E560: BYE | F560: PUROS | G560: PUROS | H560: PUROS | I560: Activo | J560: =+_xlfn.XLOOKUP(B560,INNOVACIÓN!A:A,INNOVACIÓN!B:B,"NO") -> NO | K560: =+_xlfn.XLOOKUP(B560,MERMA!B:B,MERMA!C:C,"No") -> 0 | L560: =+_xlfn.XLOOKUP(B560,MERMA!B:B,MERMA!D:D,"No es merma") -> 0
A561: 100080382 | C561: MATACAN PURO NATURAL CAJET | D561: PUROS | E561: BYE | F561: PUROS | G561: PUROS | H561: PUROS | I561: Activo | J561: =+_xlfn.XLOOKUP(B561,INNOVACIÓN!A:A,INNOVACIÓN!B:B,"NO") -> NO | K561: =+_xlfn.XLOOKUP(B561,MERMA!B:B,MERMA!C:C,"No") -> 0 | L561: =+_xlfn.XLOOKUP(B561,MERMA!B:B,MERMA!D:D,"No es merma") -> 0
A562: 100013782 | C562: CHESTERFIELD ORIGIN 20 ENDORSEMENT 1CAJE | D562: PMI | E562: BYE | F562: LOW | H562: CIGARROS | I562: Descontinuado (con stock) | J562: =+_xlfn.XLOOKUP(B562,INNOVACIÓN!A:A,INNOVACIÓN!B:B,"NO") -> NO | K562: =+_xlfn.XLOOKUP(B562,MERMA!B:B,MERMA!C:C,"No") -> 0 | L562: =+_xlfn.XLOOKUP(B562,MERMA!B:B,MERMA!D:D,"No es merma") -> 0
A563: 100024718 | C563: VUSE GO 1000 MANGO ICE 34 MGML 1 PZ | D563: BAT | E563: BYE | F563: VAPOUR | H563: VAPOUR | I563: Inactivo | J563: =+_xlfn.XLOOKUP(B563,INNOVACIÓN!A:A,INNOVACIÓN!B:B,"NO") -> NO | K563: =+_xlfn.XLOOKUP(B563,MERMA!B:B,MERMA!C:C,"No") -> 0 | L563: =+_xlfn.XLOOKUP(B563,MERMA!B:B,MERMA!D:D,"No es merma") -> 0
A564: 101000060 | C564: MARLBORO CARIBEAN FUSION 100 BOX 14 | D564: PMI | E564: BYE | F564: VFM | H564: CIGARROS | I564: Descontinuado (con stock) | J564: =+_xlfn.XLOOKUP(B564,INNOVACIÓN!A:A,INNOVACIÓN!B:B,"NO") -> NO | K564: =+_xlfn.XLOOKUP(B564,MERMA!B:B,MERMA!C:C,"No") -> 0 | L564: =+_xlfn.XLOOKUP(B564,MERMA!B:B,MERMA!D:D,"No es merma") -> 0
A565: 100017238 | C565: AC DUMMY CIGARROS | D565: PROVEEDOR DUMMY MIGRACION | E565: BYE | F565: PREMIUM | H565: CIGARROS | I565: Activo | J565: =+_xlfn.XLOOKUP(B565,INNOVACIÓN!A:A,INNOVACIÓN!B:B,"NO") -> NO | K565: =+_xlfn.XLOOKUP(B565,MERMA!B:B,MERMA!C:C,"No") -> 0 | L565: =+_xlfn.XLOOKUP(B565,MERMA!B:B,MERMA!D:D,"No es merma") -> 0
A566: 100024719 | B566: 7707200945799 | C566: VUSE GO 5000 GREEN APPLE 34 MGML 1 PZ | D566: BAT | E566: BYE | F566: VAPOUR | H566: VAPOUR | I566: Inactivo | J566: =+_xlfn.XLOOKUP(B566,INNOVACIÓN!A:A,INNOVACIÓN!B:B,"NO") -> NO | K566: =+_xlfn.XLOOKUP(B566,MERMA!B:B,MERMA!C:C,"No") -> No | L566: =+_xlfn.XLOOKUP(B566,MERMA!B:B,MERMA!D:D,"No es merma") -> No es merma
A567: 100080894 | B567: 75043209 | C567: CAMEL CIGARR ACTIVA FF CAJET | D567: JTI | E567: BYE | F567: VFM | H567: CIGARROS | I567: Inactivo | J567: =+_xlfn.XLOOKUP(B567,INNOVACIÓN!A:A,INNOVACIÓN!B:B,"NO") -> NO | K567: =+_xlfn.XLOOKUP(B567,MERMA!B:B,MERMA!C:C,"No") -> No | L567: =+_xlfn.XLOOKUP(B567,MERMA!B:B,MERMA!D:D,"No es merma") -> No es merma
A568: 100011675 | B568: 75063702 | C568: CHESTERFIELD MINT 14 1CAJ | D568: PMI | E568: BYE | F568: LOW | H568: CIGARROS | I568: Inactivo | J568: =+_xlfn.XLOOKUP(B568,INNOVACIÓN!A:A,INNOVACIÓN!B:B,"NO") -> NO | K568: =+_xlfn.XLOOKUP(B568,MERMA!B:B,MERMA!C:C,"No") -> No | L568: =+_xlfn.XLOOKUP(B568,MERMA!B:B,MERMA!D:D,"No es merma") -> No es merma
A569: 100009363 | B569: 7503023648035 | C569: MAZATAN PURO SHORT TORPEDO PZ | D569: PUROS | E569: BYE | F569: PUROS | G569: BYE | H569: PUROS | I569: Inactivo | J569: =+_xlfn.XLOOKUP(B569,INNOVACIÓN!A:A,INNOVACIÓN!B:B,"NO") -> NO | K569: =+_xlfn.XLOOKUP(B569,MERMA!B:B,MERMA!C:C,"No") -> No | L569: =+_xlfn.XLOOKUP(B569,MERMA!B:B,MERMA!D:D,"No es merma") -> No es merma
A570: 100009365 | B570: 7503023648028 | C570: MAZATAN PURO DOBLE ROBUSTO PZ | D570: PUROS | E570: BYE | F570: PUROS | G570: BYE | H570: PUROS | I570: Inactivo | J570: =+_xlfn.XLOOKUP(B570,INNOVACIÓN!A:A,INNOVACIÓN!B:B,"NO") -> NO | K570: =+_xlfn.XLOOKUP(B570,MERMA!B:B,MERMA!C:C,"No") -> No | L570: =+_xlfn.XLOOKUP(B570,MERMA!B:B,MERMA!D:D,"No es merma") -> No es merma
A571: 100080406 | B571: 7501609500968 | C571: PUROS CANOS/PIEZA | D571: PUROS | E571: BYE | F571: PUROS | G571: BYE | H571: PUROS | I571: Inactivo | J571: =+_xlfn.XLOOKUP(B571,INNOVACIÓN!A:A,INNOVACIÓN!B:B,"NO") -> NO | K571: =+_xlfn.XLOOKUP(B571,MERMA!B:B,MERMA!C:C,"No") -> No | L571: =+_xlfn.XLOOKUP(B571,MERMA!B:B,MERMA!D:D,"No es merma") -> No es merma
A572: 100011025 | B572: 10000 | C572: MARLBORO CIGARR ROJO CD CAJET | D572: PMI | E572: BYE | F572: VFM | H572: CIGARROS | I572: Inactivo | J572: =+_xlfn.XLOOKUP(B572,INNOVACIÓN!A:A,INNOVACIÓN!B:B,"NO") -> NO | K572: =+_xlfn.XLOOKUP(B572,MERMA!B:B,MERMA!C:C,"No") -> No | L572: =+_xlfn.XLOOKUP(B572,MERMA!B:B,MERMA!D:D,"No es merma") -> No es merma
A573: 100013300 | B573: 75066901 | C573: LUCKY STRIKE HAZEL 100S 1PZ | D573: BAT | E573: BYE | F573: Medio-Bajo | H573: CIGARROS | I573: Inactivo | J573: =+_xlfn.XLOOKUP(B573,INNOVACIÓN!A:A,INNOVACIÓN!B:B,"NO") -> NO | K573: =+_xlfn.XLOOKUP(B573,MERMA!B:B,MERMA!C:C,"No") -> No | L573: =+_xlfn.XLOOKUP(B573,MERMA!B:B,MERMA!D:D,"No es merma") -> No es merma
A574: 100016260 | B574: 25900000288 | C574: KING EDWARD PURO VAINILLA 1 PZ | D574: PUROS | E574: BYE | F574: PUROS | G574: BYE | H574: PUROS | I574: Inactivo | J574: =+_xlfn.XLOOKUP(B574,INNOVACIÓN!A:A,INNOVACIÓN!B:B,"NO") -> NO | K574: =+_xlfn.XLOOKUP(B574,MERMA!B:B,MERMA!C:C,"No") -> No | L574: =+_xlfn.XLOOKUP(B574,MERMA!B:B,MERMA!D:D,"No es merma") -> No es merma
A575: 100017183 | B575: 42230748 | C575: GIZEH PAPEL ZIGZAG 1 PZ | D575: PUROS | E575: BYE | F575: PUROS | G575: BYE | H575: PUROS | I575: Activo | J575: =+_xlfn.XLOOKUP(B575,INNOVACIÓN!A:A,INNOVACIÓN!B:B,"NO") -> NO | K575: =+_xlfn.XLOOKUP(B575,MERMA!B:B,MERMA!C:C,"No") -> No | L575: =+_xlfn.XLOOKUP(B575,MERMA!B:B,MERMA!D:D,"No es merma") -> No es merma
A576: 100016041 | B576: 25900213053 | C576: MINITIP CIGARR CHERRY 1 PZ | D576: PUROS | E576: BYE | F576: PUROS | G576: BYE | H576: PUROS | I576: Inactivo | J576: =+_xlfn.XLOOKUP(B576,INNOVACIÓN!A:A,INNOVACIÓN!B:B,"NO") -> NO | K576: =+_xlfn.XLOOKUP(B576,MERMA!B:B,MERMA!C:C,"No") -> No | L576: =+_xlfn.XLOOKUP(B576,MERMA!B:B,MERMA!D:D,"No es merma") -> No es merma
A577: 100080949 | B577: 7503006684265 | C577: CIGARR BLACK LABEL PZ | D577: PUROS | E577: BYE | F577: PUROS | G577: BYE | H577: PUROS | I577: Inactivo | J577: =+_xlfn.XLOOKUP(B577,INNOVACIÓN!A:A,INNOVACIÓN!B:B,"NO") -> NO | K577: =+_xlfn.XLOOKUP(B577,MERMA!B:B,MERMA!C:C,"No") -> No | L577: =+_xlfn.XLOOKUP(B577,MERMA!B:B,MERMA!D:D,"No es merma") -> No es merma
A578: 100015384 | B578: 85000100 | C578: COHIBA COHIBA COHIBA CAJETILLA C 1 CAJETILLA | D578: PUROS | E578: BYE | F578: PUROS | G578: BYE | H578: PUROS | I578: Inactivo | J578: =+_xlfn.XLOOKUP(B578,INNOVACIÓN!A:A,INNOVACIÓN!B:B,"NO") -> NO | K578: =+_xlfn.XLOOKUP(B578,MERMA!B:B,MERMA!C:C,"No") -> No | L578: =+_xlfn.XLOOKUP(B578,MERMA!B:B,MERMA!D:D,"No es merma") -> No es merma
A579: 100024717 | B579: 7707200947854 | C579: VUSE GO 1000 GRAPE ICE 34 MGML 1 PZ | D579: BAT | E579: BYE | F579: VAPOUR | H579: VAPOUR | I579: Inactivo | J579: =+_xlfn.XLOOKUP(B579,INNOVACIÓN!A:A,INNOVACIÓN!B:B,"NO") -> NO | K579: =+_xlfn.XLOOKUP(B579,MERMA!B:B,MERMA!C:C,"No") -> No | L579: =+_xlfn.XLOOKUP(B579,MERMA!B:B,MERMA!D:D,"No es merma") -> No es merma
A580: 100024723 | B580: 7707200947311 | C580: VUSE GO 5000 MENTHOL ICE 34 MGML 1 PZ | D580: BAT | E580: BYE | F580: VAPOUR | H580: VAPOUR | I580: Inactivo | J580: =+_xlfn.XLOOKUP(B580,INNOVACIÓN!A:A,INNOVACIÓN!B:B,"NO") -> NO | K580: =+_xlfn.XLOOKUP(B580,MERMA!B:B,MERMA!C:C,"No") -> No | L580: =+_xlfn.XLOOKUP(B580,MERMA!B:B,MERMA!D:D,"No es merma") -> No es merma
A581: 100024893 | B581: 7707200943825 | C581: VUSE GO 1000 WATERMELON ICE 34 MG/ML 1 PZ | D581: BAT | E581: BYE | F581: VAPOUR | H581: VAPOUR | I581: Inactivo | J581: =+_xlfn.XLOOKUP(B581,INNOVACIÓN!A:A,INNOVACIÓN!B:B,"NO") -> NO | K581: =+_xlfn.XLOOKUP(B581,MERMA!B:B,MERMA!C:C,"No") -> No | L581: =+_xlfn.XLOOKUP(B581,MERMA!B:B,MERMA!D:D,"No es merma") -> No es merma
A582: 100027108 | B582: 7502274777471 | C582: SESH MINT 10 2MG 1 PZ | D582: NICOTECH SAPI DE CV | E582: SESH | F582: ORAL | H582: NICOTINE POUCHES | I582: Activo | J582: =+_xlfn.XLOOKUP(B582,INNOVACIÓN!A:A,INNOVACIÓN!B:B,"NO") -> SI | K582: =+_xlfn.XLOOKUP(B582,MERMA!B:B,MERMA!C:C,"No") -> No | L582: =+_xlfn.XLOOKUP(B582,MERMA!B:B,MERMA!D:D,"No es merma") -> No es merma
A583: 100027109 | B583: 7502274777501 | C583: SESH MINT 10 4MG 1 PZ | D583: NICOTECH SAPI DE CV | E583: SESH | F583: ORAL | H583: NICOTINE POUCHES | I583: Activo | J583: =+_xlfn.XLOOKUP(B583,INNOVACIÓN!A:A,INNOVACIÓN!B:B,"NO") -> SI | K583: =+_xlfn.XLOOKUP(B583,MERMA!B:B,MERMA!C:C,"No") -> No | L583: =+_xlfn.XLOOKUP(B583,MERMA!B:B,MERMA!D:D,"No es merma") -> No es merma
A584: 100027110 | B584: 7502274777488 | C584: SESH MANGO 10S 2MG 1 PZ | D584: NICOTECH SAPI DE CV | E584: SESH | F584: ORAL | H584: NICOTINE POUCHES | I584: Activo | J584: =+_xlfn.XLOOKUP(B584,INNOVACIÓN!A:A,INNOVACIÓN!B:B,"NO") -> SI | K584: =+_xlfn.XLOOKUP(B584,MERMA!B:B,MERMA!C:C,"No") -> No | L584: =+_xlfn.XLOOKUP(B584,MERMA!B:B,MERMA!D:D,"No es merma") -> No es merma
A585: 100027111 | B585: 7502274777464 | C585: SESH CLEAR 10S 2MG 1 PZ | D585: NICOTECH SAPI DE CV | E585: SESH | F585: ORAL | H585: NICOTINE POUCHES | I585: Activo | J585: =+_xlfn.XLOOKUP(B585,INNOVACIÓN!A:A,INNOVACIÓN!B:B,"NO") -> SI | K585: =+_xlfn.XLOOKUP(B585,MERMA!B:B,MERMA!C:C,"No") -> No | L585: =+_xlfn.XLOOKUP(B585,MERMA!B:B,MERMA!D:D,"No es merma") -> No es merma

Sheet MERMA
A1: DESCRIPCIÓN | B1: UPC | C1: MERMA | D1: PERIODO | E1: Alcance
A2: CAMEL CIGARR FF CD CAJET | B2: 8308315 | C2: SI | D2: 2025 | E2: Nacional
A3: CAMEL CIGARR 14S FF CD CAJET | B3: 8338918 | C3: SI | D3: 2025 | E3: Nacional
A4: WINSTON CIGARR BLUE 14S CAJET | B4: 40331379 | C4: SI | D4: 2025 | E4: Nacional
A5: BENSON&HEDGE CIGARR CS CAJET | B5: 75001254 | C5: SI | D5: 2025 | E5: Nacional
A6: MARLBORO CIGARR LIGTH EL CS CAJET | B6: 75001292 | C6: SI | D6: 2025 | E6: Nacional
A7: MARLBORO SELECC ARTESANAL 14 1 CAJETILLA | B7: 75001414 | C7: SI | D7: 2025 | E7: Nacional
A8: MARLBORO VISTA ARTIC 14S CAJETILLAPZ | B8: 75004408 | C8: SI | D8: 2025 | E8: Nacional
A9: MARLBORO EXOTIC VISTA EXOTIC 1 CAJETILLA | B9: 75004415 | C9: SI | D9: 2025 | E9: Nacional
A10: MARLBORO CARIBBEAN FUSION 100 BOX 14 CAJETILLA PZ | B10: 75006204 | C10: SI | D10: 2025 | E10: Nacional
A11: TEREA GREEN ZING CAJETILLA PZ | B11: 75006341 | C11: SI | D11: 2025 | E11: Nacional
A12: MARLBORO LUNA SHUFFLE 100 BOX 20 STD CAJETILLA PZ | B12: 75006587 | C12: SI | D12: 2025 | E12: Nacional
A13: TEREA PURPLE CAJETILLA PZ | B13: 75006952 | C13: SI | D13: 2025 | E13: Nacional
... A103: IQOS HISOPO GLICERINA 1 CAJETILLA | B103: 7622100711049 | C103: SI | D103: 2025 | E103: Nacional
A104: LUCKIE STRIKE BLOND INFUSE 20S FF | B104: 75062675 | C104: SI | D104: 2026 H1
A105: LUCKIES 20S | B105: 75081942 | C105: SI | D105: 2026 H1 | E105: México, Quintana Roo
A106: LUCKIES 25S | B106: 75080679 | C106: SI | D106: 2026 H1 | E106: México, Puebla y Quintana Roo
A107: LUCKY STRIKE 94MM SUNSHINE BLAST 1 CAJETILLA | B107: 75067878 | C107: SI | D107: 2026 H1
A108: LUCKY STRIKE 94MM WINTER STORM 1 CAJETILLA | B108: 75070373 | C108: SI | D108: 2026 H1
A109: LUCKY STRIKE LATA CLÁSICA RED 20 PZ | B109: 75080105 | C109: SI | D109: 2026 H1
A110: LUCKY STRIKE LUCKIES STICK 20S 20 PZ | B110: 75084332 | C110: SI | D110: 2026 H1 | E110: México y Quintana Roo
A111: LUCKY STRIKE NOVA LATA 1 CAJETILLA | B111: 75073978 | C111: SI | D111: 2026 H1
A112: LUCKY STRIKE ORIGINAL RED 20 PZ | B112: 75079956 | C112: SI | D112: 2026 H1
A113: PALL MALL CLASSICS 20 | B113: 75071776 | C113: SI | D113: 2026 H1 | E113: México
A114: PALL MALL CLASSICS 25 PZ | B114: 75079963 | C114: SI | D114: 2026 H1 | E114: México
A115: PALL MALL EX CLASSI 14S 1 CAJETILLA | B115: 75074081 | C115: SI | D115: 2026 H1 | E115: México
A116: PALL MALL EX RED 15 1 CAJETILLA | B116: 75073534 | C116: SI | D116: 2026 H1 | E116: México, Puebla y Quintana Roo
A117: PALL MALL MIAMI STRESS RELIEVER 20 PZ | B117: 75083977 | C117: SI | D117: 2026 H1 | E117: Yucatán
A118: PALL MALL MIX PACK 20 | B118: 75070090 | C118: SI | D118: 2026 H1 | E118: México, Quintana Roo y Yucatán
A119: PALL MALL RED 25 1PZ | B119: 75064778 | C119: SI | D119: 2026 H1 | E119: México, Quintana y Yucatán
A120: PALL MALL XL MIAMI PARADISE 20S 20 PZ | B120: 75081058 | C120: SI | D120: 2026 H1
A121: PALL MALL XL RÍO SU 20S 1 CAJETILLA | B121: 75074944 | C121: SI | D121: 2026 H1 | E121: México y Quintana Roo

Sheet Hoja5
A1: UPC | B1: ARTICULO | C1: DESCRIPCIÓN | D1: PROVEEDOR | E1: ESTATUS | G1: UPC | H1: ARTICULO | I1: DESCRIPCIÓN | J1: PROVEEDOR | K1: ESTATUS | N1: UPC | O1: SKU | P1: DESCRIPCIÓN | Q1: PROVEEDOR | R1: ESTATUS | S1: Devolución
A2: 2168 | B2: =+_xlfn.XLOOKUP(A2,MASTER!B:B,MASTER!A:A) -> 100080353 | C2: =+_xlfn.XLOOKUP(A2,MASTER!B:B,MASTER!C:C) -> LAGUNAS PURO C/5 PZAS CAJET | D2: =+_xlfn.XLOOKUP(A2,MASTER!B:B,MASTER!D:D) -> PUROS | E2: =+_xlfn.XLOOKUP(A2,MASTER!B:B,MASTER!I:I) -> Activo | G2: 9872 | H2: =+_xlfn.XLOOKUP(G2,MASTER!B:B,MASTER!A:A) -> 100009965 | I2: =+_xlfn.XLOOKUP(G2,MASTER!B:B,MASTER!C:C) -> TOKIO MIDNIGHT PALL MALL 20PZ | N2: 8346917 | O2: =+_xlfn.XLOOKUP(N2,MASTER!B:B,MASTER!A:A) -> 100080644 | P2: =+_xlfn.XLOOKUP(N2,MASTER!B:B,MASTER!C:C) -> PALL MALL WHITE AND CLICK 20 | Q2: =+_xlfn.XLOOKUP(N2,MASTER!B:B,MASTER!D:D) -> BAT | R2: =+_xlfn.XLOOKUP(N2,MASTER!B:B,MASTER!I:I) -> Activo | S2: =+_xlfn.XLOOKUP(N2,$U$2:$U$16,$V$2:$V$16,"no") -> no | U2: 75074944 | V2: si}
A3: 2169 | B3: =+_xlfn.XLOOKUP(A3,MASTER!B:B,MASTER!A:A) -> #N/A | C3: =+_xlfn.XLOOKUP(A3,MASTER!B:B,MASTER!C:C) -> #N/A | D3: =+_xlfn.XLOOKUP(A3,MASTER!B:B,MASTER!D:D) -> #N/A | E3: =+_xlfn.XLOOKUP(A3,MASTER!B:B,MASTER!I:I) -> #N/A | G3: 8346917 | H3: =+_xlfn.XLOOKUP(G3,MASTER!B:B,MASTER!A:A) -> 100080644 | I3: =+_xlfn.XLOOKUP(G3,MASTER!B:B,MASTER!C:C) -> PALL MALL WHITE AND CLICK 20 | N3: 75027766 | O3: =+_xlfn.XLOOKUP(N3,MASTER!B:B,MASTER!A:A) -> 100080802 | P3: =+_xlfn.XLOOKUP(N3,MASTER!B:B,MASTER!C:C) -> PALL MALL RED AND CLICK 20 | Q3: =+_xlfn.XLOOKUP(N3,MASTER!B:B,MASTER!D:D) -> BAT | R3: =+_xlfn.XLOOKUP(N3,MASTER!B:B,MASTER!I:I) -> Activo | S3: =+_xlfn.XLOOKUP(N3,$U$2:$U$16,$V$2:$V$16,"no") -> no | U3: 75081942 | V3: si}
A4: 2712 | B4: =+_xlfn.XLOOKUP(A4,MASTER!B:B,MASTER!A:A) -> #N/A | C4: =+_xlfn.XLOOKUP(A4,MASTER!B:B,MASTER!C:C) -> #N/A | D4: =+_xlfn.XLOOKUP(A4,MASTER!B:B,MASTER!D:D) -> #N/A | E4: =+_xlfn.XLOOKUP(A4,MASTER!B:B,MASTER!I:I) -> #N/A | G4: 75001254 | H4: =+_xlfn.XLOOKUP(G4,MASTER!B:B,MASTER!A:A) -> 100080031 | I4: =+_xlfn.XLOOKUP(G4,MASTER!B:B,MASTER!C:C) -> BENSON&HEDGE CIGARR CS CAJET | N4: 75046521 | O4: =+_xlfn.XLOOKUP(N4,MASTER!B:B,MASTER!A:A) -> 100080955 | P4: =+_xlfn.XLOOKUP(N4,MASTER!B:B,MASTER!C:C) -> LUCKY STRIKE AMARILLOS 20S | Q4: =+_xlfn.XLOOKUP(N4,MASTER!B:B,MASTER!D:D) -> BAT | R4: =+_xlfn.XLOOKUP(N4,MASTER!B:B,MASTER!I:I) -> Activo | S4: =+_xlfn.XLOOKUP(N4,$U$2:$U$16,$V$2:$V$16,"no") -> no | U4: 75080105 | V4: si}
A5: 10000 | B5: =+_xlfn.XLOOKUP(A5,MASTER!B:B,MASTER!A:A) -> 100011025 | C5: =+_xlfn.XLOOKUP(A5,MASTER!B:B,MASTER!C:C) -> MARLBORO CIGARR ROJO CD CAJET | D5: =+_xlfn.XLOOKUP(A5,MASTER!B:B,MASTER!D:D) -> PMI | E5: =+_xlfn.XLOOKUP(A5,MASTER!B:B,MASTER!I:I) -> Inactivo | G5: 75001292 | H5: =+_xlfn.XLOOKUP(G5,MASTER!B:B,MASTER!A:A) -> 100080029 | I5: =+_xlfn.XLOOKUP(G5,MASTER!B:B,MASTER!C:C) -> MARLBORO CIGARR LIGTH EL CS CAJET | N5: 75046545 | O5: =+_xlfn.XLOOKUP(N5,MASTER!B:B,MASTER!A:A) -> 100080952 | P5: =+_xlfn.XLOOKUP(N5,MASTER!B:B,MASTER!C:C) -> LUCKY STRIKE AMARILLOS 25S | Q5: =+_xlfn.XLOOKUP(N5,MASTER!B:B,MASTER!D:D) -> BAT | R5: =+_xlfn.XLOOKUP(N5,MASTER!B:B,MASTER!I:I) -> Activo | S5: =+_xlfn.XLOOKUP(N5,$U$2:$U$16,$V$2:$V$16,"no") -> no | U5: 75080679 | V5: si}
A6: 10578 | B6: =+_xlfn.XLOOKUP(A6,MASTER!B:B,MASTER!A:A) -> #N/A | C6: =+_xlfn.XLOOKUP(A6,MASTER!B:B,MASTER!C:C) -> #N/A | D6: =+_xlfn.XLOOKUP(A6,MASTER!B:B,MASTER!D:D) -> #N/A | E6: =+_xlfn.XLOOKUP(A6,MASTER!B:B,MASTER!I:I) -> #N/A | G6: 75001315 | H6: =+_xlfn.XLOOKUP(G6,MASTER!B:B,MASTER!A:A) -> 100080028 | I6: =+_xlfn.XLOOKUP(G6,MASTER!B:B,MASTER!C:C) -> MARLBORO CIGARR ROJO CL CS CAJET | N6: 75048129 | O6: =+_xlfn.XLOOKUP(N6,MASTER!B:B,MASTER!A:A) -> 100080975 | P6: =+_xlfn.XLOOKUP(N6,MASTER!B:B,MASTER!C:C) -> LUCKY STRIKE ORIGINAL FF 20S TUBE | Q6: =+_xlfn.XLOOKUP(N6,MASTER!B:B,MASTER!D:D) -> BAT | R6: =+_xlfn.XLOOKUP(N6,MASTER!B:B,MASTER!I:I) -> Activo | S6: =+_xlfn.XLOOKUP(N6,$U$2:$U$16,$V$2:$V$16,"no") -> no | U6: 75084332 | V6: si}
A7: 8346917 | B7: =+_xlfn.XLOOKUP(A7,MASTER!B:B,MASTER!A:A) -> 100080644 | C7: =+_xlfn.XLOOKUP(A7,MASTER!B:B,MASTER!C:C) -> PALL MALL WHITE AND CLICK 20 | D7: =+_xlfn.XLOOKUP(A7,MASTER!B:B,MASTER!D:D) -> BAT | E7: =+_xlfn.XLOOKUP(A7,MASTER!B:B,MASTER!I:I) -> Activo | G7: 75001322 | H7: =+_xlfn.XLOOKUP(G7,MASTER!B:B,MASTER!A:A) -> 100080027 | I7: =+_xlfn.XLOOKUP(G7,MASTER!B:B,MASTER!C:C) -> MARLBORO CIGARR ROJO CD CAJET | N7: 75051785 | O7: =+_xlfn.XLOOKUP(N7,MASTER!B:B,MASTER!A:A) -> 100004788 | P7: =+_xlfn.XLOOKUP(N7,MASTER!B:B,MASTER!C:C) -> LUCKY STRIKE CLICK 4 MIX | Q7: =+_xlfn.XLOOKUP(N7,MASTER!B:B,MASTER!D:D) -> BAT | R7: =+_xlfn.XLOOKUP(N7,MASTER!B:B,MASTER!I:I) -> Activo | S7: =+_xlfn.XLOOKUP(N7,$U$2:$U$16,$V$2:$V$16,"no") -> no | U7: 75079956 | V7: si}
A8: 40331362 | B8: =+_xlfn.XLOOKUP(A8,MASTER!B:B,MASTER!A:A) -> 100080896 | C8: =+_xlfn.XLOOKUP(A8,MASTER!B:B,MASTER!C:C) -> WINSTON CIGARR CLASSIC 14S CAJET | D8: =+_xlfn.XLOOKUP(A8,MASTER!B:B,MASTER!D:D) -> JTI | E8: =+_xlfn.XLOOKUP(A8,MASTER!B:B,MASTER!I:I) -> Descontinuado (con stock) | G8: 75001339 | H8: =+_xlfn.XLOOKUP(G8,MASTER!B:B,MASTER!A:A) -> 100080257 | I8: =+_xlfn.XLOOKUP(G8,MASTER!B:B,MASTER!C:C) -> MARLBORO CIGARR ROJO 14S CD CAJET | N8: 75052836 | O8: =+_xlfn.XLOOKUP(N8,MASTER!B:B,MASTER!A:A) -> 100005585 | P8: =+_xlfn.XLOOKUP(N8,MASTER!B:B,MASTER!C:C) -> PALL MALL TOKYO MIDNIGHT 20 | Q8: =+_xlfn.XLOOKUP(N8,MASTER!B:B,MASTER!D:D) -> BAT | R8: =+_xlfn.XLOOKUP(N8,MASTER!B:B,MASTER!I:I) -> Activo | S8: =+_xlfn.XLOOKUP(N8,$U$2:$U$16,$V$2:$V$16,"no") -> no | U8: 75064778 | V8: si}
A9: 40331379 | B9: =+_xlfn.XLOOKUP(A9,MASTER!B:B,MASTER!A:A) -> 100080899 | C9: =+_xlfn.XLOOKUP(A9,MASTER!B:B,MASTER!C:C) -> WINSTON CIGARR BLUE 14S CAJET | D9: =+_xlfn.XLOOKUP(A9,MASTER!B:B,MASTER!D:D) -> JTI | E9: =+_xlfn.XLOOKUP(A9,MASTER!B:B,MASTER!I:I) -> Inactivo | G9: 75001360 | H9: =+_xlfn.XLOOKUP(G9,MASTER!B:B,MASTER!A:A) -> 100018656 | I9: =+_xlfn.XLOOKUP(G9,MASTER!B:B,MASTER!C:C) -> MARLBORO VISTA GARDEN 20 1 CAJETILLA | N9: 75063504 | O9: =+_xlfn.XLOOKUP(N9,MASTER!B:B,MASTER!A:A) -> 100012153 | P9: =+_xlfn.XLOOKUP(N9,MASTER!B:B,MASTER!C:C) -> LUCKY STRIKE 20S ME TDC 1PZ | Q9: =+_xlfn.XLOOKUP(N9,MASTER!B:B,MASTER!D:D) -> BAT | R9: =+_xlfn.XLOOKUP(N9,MASTER!B:B,MASTER!I:I) -> Activo | S9: =+_xlfn.XLOOKUP(N9,$U$2:$U$16,$V$2:$V$16,"no") -> no | U9: 75073534 | V9: si}
A10: 42138037 | B10: =+_xlfn.XLOOKUP(A10,MASTER!B:B,MASTER!A:A) -> 100080897 | C10: =+_xlfn.XLOOKUP(A10,MASTER!B:B,MASTER!C:C) -> WINSTON CIGARR CLASSIC 20S CAJET | D10: =+_xlfn.XLOOKUP(A10,MASTER!B:B,MASTER!D:D) -> JTI | E10: =+_xlfn.XLOOKUP(A10,MASTER!B:B,MASTER!I:I) -> Descontinuado (con stock) | G10: 75001384 | H10: =+_xlfn.XLOOKUP(G10,MASTER!B:B,MASTER!A:A) -> 100018872 | I10: =+_xlfn.XLOOKUP(G10,MASTER!B:B,MASTER!C:C) -> MARLBORO VISTA ARTIC 20 1 CAJETILLA | N10: 75064648 | O10: =+_xlfn.XLOOKUP(N10,MASTER!B:B,MASTER!A:A) -> 100012746 | P10: =+_xlfn.XLOOKUP(N10,MASTER!B:B,MASTER!C:C) -> PALL MALL MYKONOS NIGHTFALL 20 | Q10: =+_xlfn.XLOOKUP(N10,MASTER!B:B,MASTER!D:D) -> BAT | R10: =+_xlfn.XLOOKUP(N10,MASTER!B:B,MASTER!I:I) -> Activo | S10: =+_xlfn.XLOOKUP(N10,$U$2:$U$16,$V$2:$V$16,"no") -> no | U10: 75071776 | V10: si}
A11: 42138051 | B11: =+_xlfn.XLOOKUP(A11,MASTER!B:B,MASTER!A:A) -> 100080898 | C11: =+_xlfn.XLOOKUP(A11,MASTER!B:B,MASTER!C:C) -> WINSTON CIGARR BLUE 20S CAJET | D11: =+_xlfn.XLOOKUP(A11,MASTER!B:B,MASTER!D:D) -> JTI | E11: =+_xlfn.XLOOKUP(A11,MASTER!B:B,MASTER!I:I) -> Activo | G11: 75001414 | H11: =+_xlfn.XLOOKUP(G11,MASTER!B:B,MASTER!A:A) -> 100018586 | I11: =+_xlfn.XLOOKUP(G11,MASTER!B:B,MASTER!C:C) -> MARLBORO SELECC ARTESANAL 14 1 CAJETILLA | N11: 75064716 | O11: =+_xlfn.XLOOKUP(N11,MASTER!B:B,MASTER!A:A) -> 100012997 | P11: =+_xlfn.XLOOKUP(N11,MASTER!B:B,MASTER!C:C) -> LUCKY STRIKE ENIGMA 100S 1PZ | Q11: =+_xlfn.XLOOKUP(N11,MASTER!B:B,MASTER!D:D) -> BAT | R11: =+_xlfn.XLOOKUP(N11,MASTER!B:B,MASTER!I:I) -> Activo | S11: =+_xlfn.XLOOKUP(N11,$U$2:$U$16,$V$2:$V$16,"no") -> no | U11: 75074081 | V11: si}
A12: 42230748 | B12: =+_xlfn.XLOOKUP(A12,MASTER!B:B,MASTER!A:A) -> 100017183 | C12: =+_xlfn.XLOOKUP(A12,MASTER!B:B,MASTER!C:C) -> GIZEH PAPEL ZIGZAG 1 PZ | D12: =+_xlfn.XLOOKUP(A12,MASTER!B:B,MASTER!D:D) -> PUROS | E12: =+_xlfn.XLOOKUP(A12,MASTER!B:B,MASTER!I:I) -> Activo | G12: 75001476 | H12: =+_xlfn.XLOOKUP(G12,MASTER!B:B,MASTER!A:A) -> 100080034 | I12: =+_xlfn.XLOOKUP(G12,MASTER!B:B,MASTER!C:C) -> DELICADOS CIGARR OVALADOS CAJET | N12: 75064747 | O12: =+_xlfn.XLOOKUP(N12,MASTER!B:B,MASTER!A:A) -> 100013075 | P12: =+_xlfn.XLOOKUP(N12,MASTER!B:B,MASTER!C:C) -> MONTANA SHOTS 15S 1PZ | Q12: =+_xlfn.XLOOKUP(N12,MASTER!B:B,MASTER!D:D) -> BAT | R12: =+_xlfn.XLOOKUP(N12,MASTER!B:B,MASTER!I:I) -> Activo | S12: =+_xlfn.XLOOKUP(N12,$U$2:$U$16,$V$2:$V$16,"no") -> no | U12: 75079963 | V12: si}
A13: 75001254 | B13: =+_xlfn.XLOOKUP(A13,MASTER!B:B,MASTER!A:A) -> 100080031 | C13: =+_xlfn.XLOOKUP(A13,MASTER!B:B,MASTER!C:C) -> BENSON&HEDGE CIGARR CS CAJET | D13: =+_xlfn.XLOOKUP(A13,MASTER!B:B,MASTER!D:D) -> PMI | E13: =+_xlfn.XLOOKUP(A13,MASTER!B:B,MASTER!I:I) -> Descontinuado (con stock) | G13: 75004385 | H13: =+_xlfn.XLOOKUP(G13,MASTER!B:B,MASTER!A:A) -> 100021977 | I13: =+_xlfn.XLOOKUP(G13,MASTER!B:B,MASTER!C:C) -> FAROS FAROS FAROS 14 1 CAJETILLA | N13: 75064754 | O13: =+_xlfn.XLOOKUP(N13,MASTER!B:B,MASTER!A:A) -> 100013892 | P13: =+_xlfn.XLOOKUP(N13,MASTER!B:B,MASTER!C:C) -> MONTANA SHOTS 1PZ | Q13: =+_xlfn.XLOOKUP(N13,MASTER!B:B,MASTER!D:D) -> BAT | R13: =+_xlfn.XLOOKUP(N13,MASTER!B:B,MASTER!I:I) -> Activo | S13: =+_xlfn.XLOOKUP(N13,$U$2:$U$16,$V$2:$V$16,"no") -> no | U13: 75081058 | V13: si}
... A16: 75001339 | B16: =+_xlfn.XLOOKUP(A16,MASTER!B:B,MASTER!A:A) -> 100080257 | C16: =+_xlfn.XLOOKUP(A16,MASTER!B:B,MASTER!C:C) -> MARLBORO CIGARR ROJO 14S CD CAJET | D16: =+_xlfn.XLOOKUP(A16,MASTER!B:B,MASTER!D:D) -> PMI | E16: =+_xlfn.XLOOKUP(A16,MASTER!B:B,MASTER!I:I) -> Activo | G16: 75004415 | H16: =+_xlfn.XLOOKUP(G16,MASTER!B:B,MASTER!A:A) -> 100022276 | I16: =+_xlfn.XLOOKUP(G16,MASTER!B:B,MASTER!C:C) -> MARLBORO EXOTIC VISTA EXOTIC 1 CAJETILLA | N16: 75071479 | O16: =+_xlfn.XLOOKUP(N16,MASTER!B:B,MASTER!A:A) -> 100016412 | P16: =+_xlfn.XLOOKUP(N16,MASTER!B:B,MASTER!C:C) -> PALL MALL WHITE 20 | Q16: =+_xlfn.XLOOKUP(N16,MASTER!B:B,MASTER!D:D) -> BAT | R16: =+_xlfn.XLOOKUP(N16,MASTER!B:B,MASTER!I:I) -> Activo | S16: =+_xlfn.XLOOKUP(N16,$U$2:$U$16,$V$2:$V$16,"no") -> no | U16: 75084141 | V16: si}
A17: 75001360 | B17: =+_xlfn.XLOOKUP(A17,MASTER!B:B,MASTER!A:A) -> 100018656 | C17: =+_xlfn.XLOOKUP(A17,MASTER!B:B,MASTER!C:C) -> MARLBORO VISTA GARDEN 20 1 CAJETILLA | D17: =+_xlfn.XLOOKUP(A17,MASTER!B:B,MASTER!D:D) -> PMI | E17: =+_xlfn.XLOOKUP(A17,MASTER!B:B,MASTER!I:I) -> Activo | G17: 75005481 | H17: =+_xlfn.XLOOKUP(G17,MASTER!B:B,MASTER!A:A) -> 100021048 | I17: =+_xlfn.XLOOKUP(G17,MASTER!B:B,MASTER!C:C) -> LM LM 25S 25S 1 CAJETILLA | N17: 75071776 | O17: =+_xlfn.XLOOKUP(N17,MASTER!B:B,MASTER!A:A) -> 100017982 | P17: =+_xlfn.XLOOKUP(N17,MASTER!B:B,MASTER!C:C) -> PALL MALL CLASSICS 20 | Q17: =+_xlfn.XLOOKUP(N17,MASTER!B:B,MASTER!D:D) -> BAT | R17: =+_xlfn.XLOOKUP(N17,MASTER!B:B,MASTER!I:I) -> Activo | S17: =+_xlfn.XLOOKUP(N17,$U$2:$U$16,$V$2:$V$16,"no") -> si}
A18: 75001384 | B18: =+_xlfn.XLOOKUP(A18,MASTER!B:B,MASTER!A:A) -> 100018872 | C18: =+_xlfn.XLOOKUP(A18,MASTER!B:B,MASTER!C:C) -> MARLBORO VISTA ARTIC 20 1 CAJETILLA | D18: =+_xlfn.XLOOKUP(A18,MASTER!B:B,MASTER!D:D) -> PMI | E18: =+_xlfn.XLOOKUP(A18,MASTER!B:B,MASTER!I:I) -> Activo | G18: 75006204 | H18: =+_xlfn.XLOOKUP(G18,MASTER!B:B,MASTER!A:A) -> 101000061 | I18: =+_xlfn.XLOOKUP(G18,MASTER!B:B,MASTER!C:C) -> MARLBORO CARIBBEAN FUSION 100 BOX 14 CAJETILLA PZ | N18: 75073534 | O18: =+_xlfn.XLOOKUP(N18,MASTER!B:B,MASTER!A:A) -> 100018746 | P18: =+_xlfn.XLOOKUP(N18,MASTER!B:B,MASTER!C:C) -> PALL MALL EX RED 15 1 CAJETILLA | Q18: =+_xlfn.XLOOKUP(N18,MASTER!B:B,MASTER!D:D) -> BAT | R18: =+_xlfn.XLOOKUP(N18,MASTER!B:B,MASTER!I:I) -> Descontinuado (con stock) | S18: =+_xlfn.XLOOKUP(N18,$U$2:$U$16,$V$2:$V$16,"no") -> si}
A19: 75001414 | B19: =+_xlfn.XLOOKUP(A19,MASTER!B:B,MASTER!A:A) -> 100018586 | C19: =+_xlfn.XLOOKUP(A19,MASTER!B:B,MASTER!C:C) -> MARLBORO SELECC ARTESANAL 14 1 CAJETILLA | D19: =+_xlfn.XLOOKUP(A19,MASTER!B:B,MASTER!D:D) -> PMI | E19: =+_xlfn.XLOOKUP(A19,MASTER!B:B,MASTER!I:I) -> Descontinuado (con stock) | G19: 75006266 | H19: =+_xlfn.XLOOKUP(G19,MASTER!B:B,MASTER!A:A) -> 100023311 | I19: =+_xlfn.XLOOKUP(G19,MASTER!B:B,MASTER!C:C) -> MARLBORO MARLBORO CRAFTED 2.0 GOLD 100 BOX 20 CAJETILLA PZ | N19: 75073541 | O19: =+_xlfn.XLOOKUP(N19,MASTER!B:B,MASTER!A:A) -> 100018745 | P19: =+_xlfn.XLOOKUP(N19,MASTER!B:B,MASTER!C:C) -> PALL MALL EX WHITE 15 1 CAJETILLA | Q19: =+_xlfn.XLOOKUP(N19,MASTER!B:B,MASTER!D:D) -> BAT | R19: =+_xlfn.XLOOKUP(N19,MASTER!B:B,MASTER!I:I) -> Activo | S19: =+_xlfn.XLOOKUP(N19,$U$2:$U$16,$V$2:$V$16,"no") -> no
A20: 75001476 | B20: =+_xlfn.XLOOKUP(A20,MASTER!B:B,MASTER!A:A) -> 100080034 | C20: =+_xlfn.XLOOKUP(A20,MASTER!B:B,MASTER!C:C) -> DELICADOS CIGARR OVALADOS CAJET | D20: =+_xlfn.XLOOKUP(A20,MASTER!B:B,MASTER!D:D) -> PMI | E20: =+_xlfn.XLOOKUP(A20,MASTER!B:B,MASTER!I:I) -> Descontinuado (con stock) | G20: 75006280 | H20: =+_xlfn.XLOOKUP(G20,MASTER!B:B,MASTER!A:A) -> 100024320 | I20: =+_xlfn.XLOOKUP(G20,MASTER!B:B,MASTER!C:C) -> FAROS FAROS KS BOX 25 CAJETILLA PZ | N20: 75074081 | O20: =+_xlfn.XLOOKUP(N20,MASTER!B:B,MASTER!A:A) -> 100020837 | P20: =+_xlfn.XLOOKUP(N20,MASTER!B:B,MASTER!C:C) -> PALL MALL EX CLASSI 14S 1 CAJETILLA | Q20: =+_xlfn.XLOOKUP(N20,MASTER!B:B,MASTER!D:D) -> BAT | R20: =+_xlfn.XLOOKUP(N20,MASTER!B:B,MASTER!I:I) -> Activo | S20: =+_xlfn.XLOOKUP(N20,$U$2:$U$16,$V$2:$V$16,"no") -> si}
A21: 75004385 | B21: =+_xlfn.XLOOKUP(A21,MASTER!B:B,MASTER!A:A) -> 100021977 | C21: =+_xlfn.XLOOKUP(A21,MASTER!B:B,MASTER!C:C) -> FAROS FAROS FAROS 14 1 CAJETILLA | D21: =+_xlfn.XLOOKUP(A21,MASTER!B:B,MASTER!D:D) -> PMI | E21: =+_xlfn.XLOOKUP(A21,MASTER!B:B,MASTER!I:I) -> Activo | G21: 75006297 | H21: =+_xlfn.XLOOKUP(G21,MASTER!B:B,MASTER!A:A) -> 100023312 | I21: =+_xlfn.XLOOKUP(G21,MASTER!B:B,MASTER!C:C) -> MARLBORO MARLBORO CRAFTED RED 2.0 100 BOX 20 CAJETILLA PZ | N21: 75074227 | O21: =+_xlfn.XLOOKUP(N21,MASTER!B:B,MASTER!A:A) -> 100019550 | P21: =+_xlfn.XLOOKUP(N21,MASTER!B:B,MASTER!C:C) -> LUCKY STRIKE COMET 20S 1 CAJETILLA | Q21: =+_xlfn.XLOOKUP(N21,MASTER!B:B,MASTER!D:D) -> BAT | R21: =+_xlfn.XLOOKUP(N21,MASTER!B:B,MASTER!I:I) -> Activo | S21: =+_xlfn.XLOOKUP(N21,$U$2:$U$16,$V$2:$V$16,"no") -> no
A22: 75004392 | B22: =+_xlfn.XLOOKUP(A22,MASTER!B:B,MASTER!A:A) -> 100021950 | C22: =+_xlfn.XLOOKUP(A22,MASTER!B:B,MASTER!C:C) -> FAROS 20 1 CAJETILLA | D22: =+_xlfn.XLOOKUP(A22,MASTER!B:B,MASTER!D:D) -> PMI | E22: =+_xlfn.XLOOKUP(A22,MASTER!B:B,MASTER!I:I) -> Activo | G22: 75006341 | H22: =+_xlfn.XLOOKUP(G22,MASTER!B:B,MASTER!A:A) -> 100023683 | I22: =+_xlfn.XLOOKUP(G22,MASTER!B:B,MASTER!C:C) -> TEREA GREEN ZING CAJETILLA PZ | N22: 75074975 | O22: =+_xlfn.XLOOKUP(N22,MASTER!B:B,MASTER!A:A) -> 100019234 | P22: =+_xlfn.XLOOKUP(N22,MASTER!B:B,MASTER!C:C) -> PALL MALL XL ALASKA 15S 1 CAJETILLA | Q22: =+_xlfn.XLOOKUP(N22,MASTER!B:B,MASTER!D:D) -> BAT | R22: =+_xlfn.XLOOKUP(N22,MASTER!B:B,MASTER!I:I) -> Activo | S22: =+_xlfn.XLOOKUP(N22,$U$2:$U$16,$V$2:$V$16,"no") -> no
A23: 75004408 | B23: =+_xlfn.XLOOKUP(A23,MASTER!B:B,MASTER!A:A) -> 100022331 | C23: =+_xlfn.XLOOKUP(A23,MASTER!B:B,MASTER!C:C) -> MARLBORO VISTA ARTIC 14S CAJETILLAPZ | D23: =+_xlfn.XLOOKUP(A23,MASTER!B:B,MASTER!D:D) -> PMI | E23: =+_xlfn.XLOOKUP(A23,MASTER!B:B,MASTER!I:I) -> Descontinuado (con stock) | G23: 75006358 | H23: =+_xlfn.XLOOKUP(G23,MASTER!B:B,MASTER!A:A) -> 100024244 | I23: =+_xlfn.XLOOKUP(G23,MASTER!B:B,MASTER!C:C) -> TEREA SUN PEARL CAJETILLA PZ | N23: 75074982 | O23: =+_xlfn.XLOOKUP(N23,MASTER!B:B,MASTER!A:A) -> 100019230 | P23: =+_xlfn.XLOOKUP(N23,MASTER!B:B,MASTER!C:C) -> PALL MALL XL TOKYO 15S 1 CAJETILLA | Q23: =+_xlfn.XLOOKUP(N23,MASTER!B:B,MASTER!D:D) -> BAT | R23: =+_xlfn.XLOOKUP(N23,MASTER!B:B,MASTER!I:I) -> Activo | S23: =+_xlfn.XLOOKUP(N23,$U$2:$U$16,$V$2:$V$16,"no") -> no
A24: 75004415 | B24: =+_xlfn.XLOOKUP(A24,MASTER!B:B,MASTER!A:A) -> 100022276 | C24: =+_xlfn.XLOOKUP(A24,MASTER!B:B,MASTER!C:C) -> MARLBORO EXOTIC VISTA EXOTIC 1 CAJETILLA | D24: =+_xlfn.XLOOKUP(A24,MASTER!B:B,MASTER!D:D) -> PMI | E24: =+_xlfn.XLOOKUP(A24,MASTER!B:B,MASTER!I:I) -> Descontinuado (con stock) | G24: 75006372 | H24: =+_xlfn.XLOOKUP(G24,MASTER!B:B,MASTER!A:A) -> 101000062 | I24: =+_xlfn.XLOOKUP(G24,MASTER!B:B,MASTER!C:C) -> MARLBORO FOREST FUSION CAJETILLA PZ | N24: 75074999 | O24: =+_xlfn.XLOOKUP(N24,MASTER!B:B,MASTER!A:A) -> 100019233 | P24: =+_xlfn.XLOOKUP(N24,MASTER!B:B,MASTER!C:C) -> PALL MALL XL MYKONO 15S 1 CAJETILLA | Q24: =+_xlfn.XLOOKUP(N24,MASTER!B:B,MASTER!D:D) -> BAT | R24: =+_xlfn.XLOOKUP(N24,MASTER!B:B,MASTER!I:I) -> Activo | S24: =+_xlfn.XLOOKUP(N24,$U$2:$U$16,$V$2:$V$16,"no") -> no
A25: 75005481 | B25: =+_xlfn.XLOOKUP(A25,MASTER!B:B,MASTER!A:A) -> 100021048 | C25: =+_xlfn.XLOOKUP(A25,MASTER!B:B,MASTER!C:C) -> LM LM 25S 25S 1 CAJETILLA | D25: =+_xlfn.XLOOKUP(A25,MASTER!B:B,MASTER!D:D) -> PMI | E25: =+_xlfn.XLOOKUP(A25,MASTER!B:B,MASTER!I:I) -> Activo | G25: 75006389 | H25: =+_xlfn.XLOOKUP(G25,MASTER!B:B,MASTER!A:A) -> 100023681 | I25: =+_xlfn.XLOOKUP(G25,MASTER!B:B,MASTER!C:C) -> TEREA BLUE CAJETILLA PZ | N25: 75076405 | O25: =+_xlfn.XLOOKUP(N25,MASTER!B:B,MASTER!A:A) -> 100020970 | P25: =+_xlfn.XLOOKUP(N25,MASTER!B:B,MASTER!C:C) -> MONTANA CLASSI 14S 1 CAJETILLA | Q25: =+_xlfn.XLOOKUP(N25,MASTER!B:B,MASTER!D:D) -> BAT | R25: =+_xlfn.XLOOKUP(N25,MASTER!B:B,MASTER!I:I) -> Activo | S25: =+_xlfn.XLOOKUP(N25,$U$2:$U$16,$V$2:$V$16,"no") -> no
A26: 75006204 | B26: =+_xlfn.XLOOKUP(A26,MASTER!B:B,MASTER!A:A) -> 101000061 | C26: =+_xlfn.XLOOKUP(A26,MASTER!B:B,MASTER!C:C) -> MARLBORO CARIBBEAN FUSION 100 BOX 14 CAJETILLA PZ | D26: =+_xlfn.XLOOKUP(A26,MASTER!B:B,MASTER!D:D) -> PMI | E26: =+_xlfn.XLOOKUP(A26,MASTER!B:B,MASTER!I:I) -> Descontinuado (con stock) | G26: 75006396 | H26: =+_xlfn.XLOOKUP(G26,MASTER!B:B,MASTER!A:A) -> 100023682 | I26: =+_xlfn.XLOOKUP(G26,MASTER!B:B,MASTER!C:C) -> TEREA BRONZE CAJETILLA PZ | N26: 75076412 | O26: =+_xlfn.XLOOKUP(N26,MASTER!B:B,MASTER!A:A) -> 100022233 | P26: =+_xlfn.XLOOKUP(N26,MASTER!B:B,MASTER!C:C) -> PALL MALL LONDON 20S 1 CAJETILLA | Q26: =+_xlfn.XLOOKUP(N26,MASTER!B:B,MASTER!D:D) -> BAT | R26: =+_xlfn.XLOOKUP(N26,MASTER!B:B,MASTER!I:I) -> Activo | S26: =+_xlfn.XLOOKUP(N26,$U$2:$U$16,$V$2:$V$16,"no") -> no
A27: 75006266 | B27: =+_xlfn.XLOOKUP(A27,MASTER!B:B,MASTER!A:A) -> 100023311 | C27: =+_xlfn.XLOOKUP(A27,MASTER!B:B,MASTER!C:C) -> MARLBORO MARLBORO CRAFTED 2.0 GOLD 100 BOX 20 CAJETILLA PZ | D27: =+_xlfn.XLOOKUP(A27,MASTER!B:B,MASTER!D:D) -> PMI | E27: =+_xlfn.XLOOKUP(A27,MASTER!B:B,MASTER!I:I) -> Activo | G27: 75006587 | H27: =+_xlfn.XLOOKUP(G27,MASTER!B:B,MASTER!A:A) -> 100024134 | I27: =+_xlfn.XLOOKUP(G27,MASTER!B:B,MASTER!C:C) -> MARLBORO LUNA SHUFFLE 100 BOX 20 STD CAJETILLA PZ | N27: 75076429 | O27: =+_xlfn.XLOOKUP(N27,MASTER!B:B,MASTER!A:A) -> 100022118 | P27: =+_xlfn.XLOOKUP(N27,MASTER!B:B,MASTER!C:C) -> PALL MALL HAWAII 20S 1 CAJETILLA | Q27: =+_xlfn.XLOOKUP(N27,MASTER!B:B,MASTER!D:D) -> BAT | R27: =+_xlfn.XLOOKUP(N27,MASTER!B:B,MASTER!I:I) -> Activo | S27: =+_xlfn.XLOOKUP(N27,$U$2:$U$16,$V$2:$V$16,"no") -> no
A28: 75006280 | B28: =+_xlfn.XLOOKUP(A28,MASTER!B:B,MASTER!A:A) -> 100024320 | C28: =+_xlfn.XLOOKUP(A28,MASTER!B:B,MASTER!C:C) -> FAROS FAROS KS BOX 25 CAJETILLA PZ | D28: =+_xlfn.XLOOKUP(A28,MASTER!B:B,MASTER!D:D) -> PMI | E28: =+_xlfn.XLOOKUP(A28,MASTER!B:B,MASTER!I:I) -> Activo | G28: 75006938 | H28: =+_xlfn.XLOOKUP(G28,MASTER!B:B,MASTER!A:A) -> 100023686 | I28: =+_xlfn.XLOOKUP(G28,MASTER!B:B,MASTER!C:C) -> TEREA SIENNA CAJETILLA PZ | N28: 75076740 | O28: =+_xlfn.XLOOKUP(N28,MASTER!B:B,MASTER!A:A) -> 100020969 | P28: =+_xlfn.XLOOKUP(N28,MASTER!B:B,MASTER!C:C) -> MONTANA CLASSI 20S 1 CAJETILLA | Q28: =+_xlfn.XLOOKUP(N28,MASTER!B:B,MASTER!D:D) -> BAT | R28: =+_xlfn.XLOOKUP(N28,MASTER!B:B,MASTER!I:I) -> Activo | S28: =+_xlfn.XLOOKUP(N28,$U$2:$U$16,$V$2:$V$16,"no") -> no
... A41: 75012694 | B41: =+_xlfn.XLOOKUP(A41,MASTER!B:B,MASTER!A:A) -> 100022210 | C41: =+_xlfn.XLOOKUP(A41,MASTER!B:B,MASTER!C:C) -> BENSON&HEDGE LUX QU QUARTZ 1 CAJETILLA | D41: =+_xlfn.XLOOKUP(A41,MASTER!B:B,MASTER!D:D) -> PMI | E41: =+_xlfn.XLOOKUP(A41,MASTER!B:B,MASTER!I:I) -> Descontinuado (con stock) | G41: 75019006 | H41: =+_xlfn.XLOOKUP(G41,MASTER!B:B,MASTER!A:A) -> 100021790 | I41: =+_xlfn.XLOOKUP(G41,MASTER!B:B,MASTER!C:C) -> MARLBORO VISTA CARIBBEAN 1 CAJETILLA | N41: 7707200946741 | O41: =+_xlfn.XLOOKUP(N41,MASTER!B:B,MASTER!A:A) -> 100024462 | P41: =+_xlfn.XLOOKUP(N41,MASTER!B:B,MASTER!C:C) -> VELO POLAR PEPPERMINT 4 MG 15 PZ | Q41: =+_xlfn.XLOOKUP(N41,MASTER!B:B,MASTER!D:D) -> BAT | R41: =+_xlfn.XLOOKUP(N41,MASTER!B:B,MASTER!I:I) -> Activo | S41: =+_xlfn.XLOOKUP(N41,$U$2:$U$16,$V$2:$V$16,"no") -> no
A42: 75012717 | B42: =+_xlfn.XLOOKUP(A42,MASTER!B:B,MASTER!A:A) -> 100021421 | C42: =+_xlfn.XLOOKUP(A42,MASTER!B:B,MASTER!C:C) -> MARLBORO LPE ME MEXICO RED 1 CAJETILLA | D42: =+_xlfn.XLOOKUP(A42,MASTER!B:B,MASTER!D:D) -> PMI | E42: =+_xlfn.XLOOKUP(A42,MASTER!B:B,MASTER!I:I) -> Descontinuado (con stock) | G42: 75019563 | H42: =+_xlfn.XLOOKUP(G42,MASTER!B:B,MASTER!A:A) -> 100022523 | I42: =+_xlfn.XLOOKUP(G42,MASTER!B:B,MASTER!C:C) -> MARLBORO CRAFTED 20S CAJETILLA
A43: 75015718 | B43: =+_xlfn.XLOOKUP(A43,MASTER!B:B,MASTER!A:A) -> 100021418 | C43: =+_xlfn.XLOOKUP(A43,MASTER!B:B,MASTER!C:C) -> MARLBORO LPE GO GOLD CAPS MEXICO 1 CAJETILLA | D43: =+_xlfn.XLOOKUP(A43,MASTER!B:B,MASTER!D:D) -> PMI | E43: =+_xlfn.XLOOKUP(A43,MASTER!B:B,MASTER!I:I) -> Descontinuado (con stock) | G43: 75019570 | H43: =+_xlfn.XLOOKUP(G43,MASTER!B:B,MASTER!A:A) -> 100022965 | I43: =+_xlfn.XLOOKUP(G43,MASTER!B:B,MASTER!C:C) -> MARLBORO CRAFTED 2.0 GOLD KS BOX 20
A44: 75015725 | B44: =+_xlfn.XLOOKUP(A44,MASTER!B:B,MASTER!A:A) -> 100020727 | C44: =+_xlfn.XLOOKUP(A44,MASTER!B:B,MASTER!C:C) -> BENSON&HEDGE LUX SA SAPPHIRE 1 CAJETILLA | D44: =+_xlfn.XLOOKUP(A44,MASTER!B:B,MASTER!D:D) -> PMI | E44: =+_xlfn.XLOOKUP(A44,MASTER!B:B,MASTER!I:I) -> Descontinuado (con stock) | G44: 75019587 | H44: =+_xlfn.XLOOKUP(G44,MASTER!B:B,MASTER!A:A) -> 100022335 | I44: =+_xlfn.XLOOKUP(G44,MASTER!B:B,MASTER!C:C) -> MARLBORO CRAFTED 15S CAJETILLAPZ
A45: 75016777 | B45: =+_xlfn.XLOOKUP(A45,MASTER!B:B,MASTER!A:A) -> 100080440 | C45: =+_xlfn.XLOOKUP(A45,MASTER!B:B,MASTER!C:C) -> BENSON&HEDGE CIGARR MENTHOL CD CAJET | D45: =+_xlfn.XLOOKUP(A45,MASTER!B:B,MASTER!D:D) -> PMI | E45: =+_xlfn.XLOOKUP(A45,MASTER!B:B,MASTER!I:I) -> Activo | G45: 75021597 | H45: =+_xlfn.XLOOKUP(G45,MASTER!B:B,MASTER!A:A) -> 100080687 | I45: =+_xlfn.XLOOKUP(G45,MASTER!B:B,MASTER!C:C) -> MARLBORO CIGARR 100S CD CAJET
A46: 75018825 | B46: =+_xlfn.XLOOKUP(A46,MASTER!B:B,MASTER!A:A) -> 100020728 | C46: =+_xlfn.XLOOKUP(A46,MASTER!B:B,MASTER!C:C) -> BENSON&HEDGE LUX JA JADE 1 CAJETILLA | D46: =+_xlfn.XLOOKUP(A46,MASTER!B:B,MASTER!D:D) -> PMI | E46: =+_xlfn.XLOOKUP(A46,MASTER!B:B,MASTER!I:I) -> Descontinuado (con stock) | G46: 75022242 | H46: =+_xlfn.XLOOKUP(G46,MASTER!B:B,MASTER!A:A) -> 100021422 | I46: =+_xlfn.XLOOKUP(G46,MASTER!B:B,MASTER!C:C) -> MARLBORO RED CA RED CAPS MEX 1 CAJETILLA
A47: 75018832 | B47: =+_xlfn.XLOOKUP(A47,MASTER!B:B,MASTER!A:A) -> 100022332 | C47: =+_xlfn.XLOOKUP(A47,MASTER!B:B,MASTER!C:C) -> MARLBORO VISTA BLOSSOM 14´S CAJETILLAPZ | D47: =+_xlfn.XLOOKUP(A47,MASTER!B:B,MASTER!D:D) -> PMI | E47: =+_xlfn.XLOOKUP(A47,MASTER!B:B,MASTER!I:I) -> Descontinuado (con stock) | G47: 75022259 | H47: =+_xlfn.XLOOKUP(G47,MASTER!B:B,MASTER!A:A) -> 100021415 | I47: =+_xlfn.XLOOKUP(G47,MASTER!B:B,MASTER!C:C) -> MARLBORO LPE ME MEXICO GOLD 1 CAJETILLA
A48: 75019006 | B48: =+_xlfn.XLOOKUP(A48,MASTER!B:B,MASTER!A:A) -> 100021790 | C48: =+_xlfn.XLOOKUP(A48,MASTER!B:B,MASTER!C:C) -> MARLBORO VISTA CARIBBEAN 1 CAJETILLA | D48: =+_xlfn.XLOOKUP(A48,MASTER!B:B,MASTER!D:D) -> PMI | E48: =+_xlfn.XLOOKUP(A48,MASTER!B:B,MASTER!I:I) -> Activo | G48: 75022266 | H48: =+_xlfn.XLOOKUP(G48,MASTER!B:B,MASTER!A:A) -> 100020945 | I48: =+_xlfn.XLOOKUP(G48,MASTER!B:B,MASTER!C:C) -> LM LM 14S 14S 1 CAJETILLA
A49: 75019563 | B49: =+_xlfn.XLOOKUP(A49,MASTER!B:B,MASTER!A:A) -> 100022523 | C49: =+_xlfn.XLOOKUP(A49,MASTER!B:B,MASTER!C:C) -> MARLBORO CRAFTED 20S CAJETILLA | D49: =+_xlfn.XLOOKUP(A49,MASTER!B:B,MASTER!D:D) -> PMI | E49: =+_xlfn.XLOOKUP(A49,MASTER!B:B,MASTER!I:I) -> Activo | G49: 75025359 | H49: =+_xlfn.XLOOKUP(G49,MASTER!B:B,MASTER!A:A) -> 100022968 | I49: =+_xlfn.XLOOKUP(G49,MASTER!B:B,MASTER!C:C) -> MARLBORO SOL SHUFFLE MNT 100 BOX 20
A50: 75019570 | B50: =+_xlfn.XLOOKUP(A50,MASTER!B:B,MASTER!A:A) -> 100022965 | C50: =+_xlfn.XLOOKUP(A50,MASTER!B:B,MASTER!C:C) -> MARLBORO CRAFTED 2.0 GOLD KS BOX 20 | D50: =+_xlfn.XLOOKUP(A50,MASTER!B:B,MASTER!D:D) -> PMI | E50: =+_xlfn.XLOOKUP(A50,MASTER!B:B,MASTER!I:I) -> Activo | G50: 75027018 | H50: =+_xlfn.XLOOKUP(G50,MASTER!B:B,MASTER!A:A) -> 100080769 | I50: =+_xlfn.XLOOKUP(G50,MASTER!B:B,MASTER!C:C) -> MARLBORO CIGARR LIGHT 14S CD CAJET
A51: 75019587 | B51: =+_xlfn.XLOOKUP(A51,MASTER!B:B,MASTER!A:A) -> 100022335 | C51: =+_xlfn.XLOOKUP(A51,MASTER!B:B,MASTER!C:C) -> MARLBORO CRAFTED 15S CAJETILLAPZ | D51: =+_xlfn.XLOOKUP(A51,MASTER!B:B,MASTER!D:D) -> PMI | E51: =+_xlfn.XLOOKUP(A51,MASTER!B:B,MASTER!I:I) -> Activo | G51: 75027766 | H51: =+_xlfn.XLOOKUP(G51,MASTER!B:B,MASTER!A:A) -> 100080802 | I51: =+_xlfn.XLOOKUP(G51,MASTER!B:B,MASTER!C:C) -> PALL MALL RED AND CLICK 20
A52: 75021597 | B52: =+_xlfn.XLOOKUP(A52,MASTER!B:B,MASTER!A:A) -> 100080687 | C52: =+_xlfn.XLOOKUP(A52,MASTER!B:B,MASTER!C:C) -> MARLBORO CIGARR 100S CD CAJET | D52: =+_xlfn.XLOOKUP(A52,MASTER!B:B,MASTER!D:D) -> PMI | E52: =+_xlfn.XLOOKUP(A52,MASTER!B:B,MASTER!I:I) -> Activo | G52: 75029388 | H52: =+_xlfn.XLOOKUP(G52,MASTER!B:B,MASTER!A:A) -> 100080797 | I52: =+_xlfn.XLOOKUP(G52,MASTER!B:B,MASTER!C:C) -> MARLBORO CIGARR FRESH CD CAJET
A53: 75022242 | B53: =+_xlfn.XLOOKUP(A53,MASTER!B:B,MASTER!A:A) -> 100021422 | C53: =+_xlfn.XLOOKUP(A53,MASTER!B:B,MASTER!C:C) -> MARLBORO RED CA RED CAPS MEX 1 CAJETILLA | D53: =+_xlfn.XLOOKUP(A53,MASTER!B:B,MASTER!D:D) -> PMI | E53: =+_xlfn.XLOOKUP(A53,MASTER!B:B,MASTER!I:I) -> Descontinuado (con stock) | G53: 75030728 | H53: =+_xlfn.XLOOKUP(G53,MASTER!B:B,MASTER!A:A) -> 100080808 | I53: =+_xlfn.XLOOKUP(G53,MASTER!B:B,MASTER!C:C) -> MARLBORO WINTER SHUFFLE
... A325: 7503039738591 | B325: =+_xlfn.XLOOKUP(A325,MASTER!B:B,MASTER!A:A) -> 100026307 | C325: =+_xlfn.XLOOKUP(A325,MASTER!B:B,MASTER!C:C) -> VELO PURPLE GRAPE 6MG TC COLOR 15 PZ | D325: =+_xlfn.XLOOKUP(A325,MASTER!B:B,MASTER!D:D) -> BAT | E325: =+_xlfn.XLOOKUP(A325,MASTER!B:B,MASTER!I:I) -> Descontinuado (con stock) | G325: 7707200946741 | H325: =+_xlfn.XLOOKUP(G325,MASTER!B:B,MASTER!A:A) -> 100024462 | I325: =+_xlfn.XLOOKUP(G325,MASTER!B:B,MASTER!C:C) -> VELO POLAR PEPPERMINT 4 MG 15 PZ
A326: 7622100510727 | B326: =+_xlfn.XLOOKUP(A326,MASTER!B:B,MASTER!A:A) -> 100026471 | C326: =+_xlfn.XLOOKUP(A326,MASTER!B:B,MASTER!C:C) -> IQOS ILUMA I ONE MIDNIGHT BLACK PZ | D326: =+_xlfn.XLOOKUP(A326,MASTER!B:B,MASTER!D:D) -> PMI | E326: =+_xlfn.XLOOKUP(A326,MASTER!B:B,MASTER!I:I) -> Activo
A327: 7622100510765 | B327: =+_xlfn.XLOOKUP(A327,MASTER!B:B,MASTER!A:A) -> 100026473 | C327: =+_xlfn.XLOOKUP(A327,MASTER!B:B,MASTER!C:C) -> IQOS ILUMA I ONE BREEZE BLUE PZ | D327: =+_xlfn.XLOOKUP(A327,MASTER!B:B,MASTER!D:D) -> PMI | E327: =+_xlfn.XLOOKUP(A327,MASTER!B:B,MASTER!I:I) -> Activo
A328: 7622100511038 | B328: =+_xlfn.XLOOKUP(A328,MASTER!B:B,MASTER!A:A) -> 100026616 | C328: =+_xlfn.XLOOKUP(A328,MASTER!B:B,MASTER!C:C) -> IQOS ILUMA I BREEZE BLUE PZ | D328: =+_xlfn.XLOOKUP(A328,MASTER!B:B,MASTER!D:D) -> PMI | E328: =+_xlfn.XLOOKUP(A328,MASTER!B:B,MASTER!I:I) -> Activo
A329: 7622100511076 | B329: =+_xlfn.XLOOKUP(A329,MASTER!B:B,MASTER!A:A) -> 100026467 | C329: =+_xlfn.XLOOKUP(A329,MASTER!B:B,MASTER!C:C) -> IQOS ILUMA I MIDNIGHT BLACK PZ | D329: =+_xlfn.XLOOKUP(A329,MASTER!B:B,MASTER!D:D) -> PMI | E329: =+_xlfn.XLOOKUP(A329,MASTER!B:B,MASTER!I:I) -> Activo
A330: 7622100558248 | B330: =+_xlfn.XLOOKUP(A330,MASTER!B:B,MASTER!A:A) -> 100024861 | C330: =+_xlfn.XLOOKUP(A330,MASTER!B:B,MASTER!C:C) -> IQOS ILUMA AZURE BLUE CAJETILLA PZ | D330: =+_xlfn.XLOOKUP(A330,MASTER!B:B,MASTER!D:D) -> PMI | E330: =+_xlfn.XLOOKUP(A330,MASTER!B:B,MASTER!I:I) -> Descontinuado (con stock)
A331: 7622100558293 | B331: =+_xlfn.XLOOKUP(A331,MASTER!B:B,MASTER!A:A) -> 100024282 | C331: =+_xlfn.XLOOKUP(A331,MASTER!B:B,MASTER!C:C) -> IQOS ILUMA ONE AZURE BLUE CAJETILLA PZ | D331: =+_xlfn.XLOOKUP(A331,MASTER!B:B,MASTER!D:D) -> PMI | E331: =+_xlfn.XLOOKUP(A331,MASTER!B:B,MASTER!I:I) -> Activo
A332: 7622100558309 | B332: =+_xlfn.XLOOKUP(A332,MASTER!B:B,MASTER!A:A) -> 100024286 | C332: =+_xlfn.XLOOKUP(A332,MASTER!B:B,MASTER!C:C) -> IQOS ILUMA ONE PEBBLE GREY CAJETILLA PZ | D332: =+_xlfn.XLOOKUP(A332,MASTER!B:B,MASTER!D:D) -> PMI | E332: =+_xlfn.XLOOKUP(A332,MASTER!B:B,MASTER!I:I) -> Descontinuado (con stock)
A333: 7622100558323 | B333: =+_xlfn.XLOOKUP(A333,MASTER!B:B,MASTER!A:A) -> 100024859 | C333: =+_xlfn.XLOOKUP(A333,MASTER!B:B,MASTER!C:C) -> IQOS ILUMA ONE SUNSET RED - CAJETILLA PZ | D333: =+_xlfn.XLOOKUP(A333,MASTER!B:B,MASTER!D:D) -> PMI | E333: =+_xlfn.XLOOKUP(A333,MASTER!B:B,MASTER!I:I) -> Descontinuado (con stock)
A334: 7622100558446 | B334: =+_xlfn.XLOOKUP(A334,MASTER!B:B,MASTER!A:A) -> 100024862 | C334: =+_xlfn.XLOOKUP(A334,MASTER!B:B,MASTER!C:C) -> IQOS ILUMA MOSS GREEN CAJETILLA PZ | D334: =+_xlfn.XLOOKUP(A334,MASTER!B:B,MASTER!D:D) -> PMI | E334: =+_xlfn.XLOOKUP(A334,MASTER!B:B,MASTER!I:I) -> Descontinuado (con stock)
A335: 7622100558453 | B335: =+_xlfn.XLOOKUP(A335,MASTER!B:B,MASTER!A:A) -> 100024288 | C335: =+_xlfn.XLOOKUP(A335,MASTER!B:B,MASTER!C:C) -> IQOS ILUMA PEBBLE GREY CAJETILLA PZ | D335: =+_xlfn.XLOOKUP(A335,MASTER!B:B,MASTER!D:D) -> PMI | E335: =+_xlfn.XLOOKUP(A335,MASTER!B:B,MASTER!I:I) -> Descontinuado (con stock)
A336: 7622100711049 | B336: =+_xlfn.XLOOKUP(A336,MASTER!B:B,MASTER!A:A) -> 100021272 | C336: =+_xlfn.XLOOKUP(A336,MASTER!B:B,MASTER!C:C) -> IQOS HISOPO GLICERINA 1 CAJETILLA | D336: =+_xlfn.XLOOKUP(A336,MASTER!B:B,MASTER!D:D) -> PMI | E336: =+_xlfn.XLOOKUP(A336,MASTER!B:B,MASTER!I:I) -> Descontinuado (con stock)
A337: 7702303121477 | B337: =+_xlfn.XLOOKUP(A337,MASTER!B:B,MASTER!A:A) -> 100024420 | C337: =+_xlfn.XLOOKUP(A337,MASTER!B:B,MASTER!C:C) -> VELO GREEN SPEARMINT 6 MG 15 PZ | D337: =+_xlfn.XLOOKUP(A337,MASTER!B:B,MASTER!D:D) -> BAT | E337: =+_xlfn.XLOOKUP(A337,MASTER!B:B,MASTER!I:I) -> Activo
... A345: 8414775013578 | B345: =+_xlfn.XLOOKUP(A345,MASTER!B:B,MASTER!A:A) -> 100017182 | C345: =+_xlfn.XLOOKUP(A345,MASTER!B:B,MASTER!C:C) -> SMOKING PAPEL ZIGZAG RED 1 PZ | D345: =+_xlfn.XLOOKUP(A345,MASTER!B:B,MASTER!D:D) -> PUROS | E345: =+_xlfn.XLOOKUP(A345,MASTER!B:B,MASTER!I:I) -> Activo

Sheet Inactivos
A1: SKU | B1: UPC | C1: Artículo | D1: PROVEEDOR | E1: FAMILIA | F1: SEGMENTO | G1: SABOR | H1: SUBCATEGORIA | I1: ESTATUS | J1: Valor Inv | K1: Unidades | L1: VPTD | M1: DDI
A2: 100023426 | B2: 75079956 | C2: LUCKY STRIKE ORIGINAL RED 20 PZ | D2: BAT | E2: BYE | F2: LOW | G2: FULL FLAVOR | H2: CIGARROS | I2: Descontinuado (con stock) | J2: =VLOOKUP(A2,Catálogo!A:B,2,0) -> 67215.28 | K2: =VLOOKUP(A2,Catálogo!A:C,3,0) -> 1066 | L2: =VLOOKUP(A2,Catálogo!A:D,4,0) -> 49.4482 | M2: =J2/L2 -> 1359.3069 | N2: =VLOOKUP(A2,[2]Hoja1!$B:$D,3,0) -> Devolución 2024 PMI
A3: 100024134 | B3: 75006587 | C3: MARLBORO LUNA SHUFFLE 100 BOX 20 STD CAJETILLA PZ | D3: PMI | E3: BYE | F3: PREMIUM | G3: HTP FLAVOUR | H3: HTP | I3: Descontinuado (con stock) | J3: =VLOOKUP(A3,Catálogo!A:B,2,0) -> 48812 | K3: =VLOOKUP(A3,Catálogo!A:C,3,0) -> 677 | L3: =VLOOKUP(A3,Catálogo!A:D,4,0) -> 33.5523 | M3: =J3/L3 -> 1454.8034 | N3: =VLOOKUP(A3,[2]Hoja1!$B:$D,3,0) -> Descontinuado PMI
A4: 100023684 | B4: 75006952 | C4: TEREA PURPLE CAJETILLA PZ | D4: PMI | E4: BYE | F4: PREMIUM | G4: HTP FLAVOUR | H4: HTP | I4: Descontinuado (con stock) | J4: =VLOOKUP(A4,Catálogo!A:B,2,0) -> 45466.62 | K4: =VLOOKUP(A4,Catálogo!A:C,3,0) -> 664 | L4: =VLOOKUP(A4,Catálogo!A:D,4,0) -> 73.098 | M4: =J4/L4 -> 621.9954 | N4: =VLOOKUP(A4,[2]Hoja1!$B:$D,3,0) -> Devoluciones Terea
A5: 100023680 | B5: 75032777 | C5: TEREA BLACK GREEN CAJETILLA PZ | D5: PMI | E5: BYE | F5: PREMIUM | G5: HTP FLAVOUR | H5: HTP | I5: Descontinuado (con stock) | J5: =VLOOKUP(A5,Catálogo!A:B,2,0) -> 35041.86 | K5: =VLOOKUP(A5,Catálogo!A:C,3,0) -> 504 | L5: =VLOOKUP(A5,Catálogo!A:D,4,0) -> 84.3238 | M5: =J5/L5 -> 415.5631 | N5: =VLOOKUP(A5,[2]Hoja1!$B:$D,3,0) -> Devoluciones Terea
A6: 100023683 | B6: 75006341 | C6: TEREA GREEN ZING CAJETILLA PZ | D6: PMI | E6: BYE | F6: PREMIUM | G6: HTP FLAVOUR | H6: HTP | I6: Descontinuado (con stock) | J6: =VLOOKUP(A6,Catálogo!A:B,2,0) -> 21145.56 | K6: =VLOOKUP(A6,Catálogo!A:C,3,0) -> 302 | L6: =VLOOKUP(A6,Catálogo!A:D,4,0) -> 24.1378 | M6: =J6/L6 -> 876.0351 | N6: =VLOOKUP(A6,[2]Hoja1!$B:$D,3,0) -> Devoluciones Terea
A7: 100023422 | B7: 75079901 | C7: LUCKY STRIKE ORIGINS DARK 20 PZ | D7: BAT | E7: BYE | F7: PREMIUM | G7: FULL FLAVOR | H7: CIGARROS | I7: Descontinuado (con stock) | J7: =VLOOKUP(A7,Catálogo!A:B,2,0) -> -222469.03 | K7: =VLOOKUP(A7,Catálogo!A:C,3,0) -> -2823 | L7: =VLOOKUP(A7,Catálogo!A:D,4,0) -> 14.2971 | M7: =J7/L7 -> -15560.43 | N7: =VLOOKUP(A7,[2]Hoja1!$B:$D,3,0) -> Artículos In&Out
A8: 100015174 | B8: 75067878 | C8: LUCKY STRIKE 94MM SUNSHINE BLAST 1 CAJETILLA | D8: BAT | E8: BYE | F8: PREMIUM | G8: MENTHOL | H8: CIGARROS | I8: Descontinuado (con stock) | J8: =VLOOKUP(A8,Catálogo!A:B,2,0) -> 16123.66 | K8: =VLOOKUP(A8,Catálogo!A:C,3,0) -> 215 | L8: =VLOOKUP(A8,Catálogo!A:D,4,0) -> 0 | N8: =VLOOKUP(A8,[2]Hoja1!$B:$D,3,0) -> Descontinuado BAT
A9: 100021272 | B9: 7622100711049 | C9: IQOS HISOPO GLICERINA 1 CAJETILLA | D9: PMI | E9: BYE | F9: NA | G9: NA | H9: HTP | I9: Descontinuado (con stock) | J9: =VLOOKUP(A9,Catálogo!A:B,2,0) -> 9305.71 | K9: =VLOOKUP(A9,Catálogo!A:C,3,0) -> 298 | L9: =VLOOKUP(A9,Catálogo!A:D,4,0) -> 0 | M9: =J9/L9 -> #DIV/0! | N9: =VLOOKUP(A9,[2]Hoja1!$B:$D,3,0) -> Por devolver Iqos
A10: 100023423 | B10: 75079888 | C10: LUCKY STRIKE ORIGINS RICH 20 PZ | D10: BAT | E10: BYE | F10: PREMIUM | G10: FF | H10: CIGARROS | I10: Descontinuado (con stock) | J10: =VLOOKUP(A10,Catálogo!A:B,2,0) -> 13128.56 | K10: =VLOOKUP(A10,Catálogo!A:C,3,0) -> 170 | L10: =VLOOKUP(A10,Catálogo!A:D,4,0) -> 14.2779 | M10: =J10/L10 -> 919.50217 | N10: =VLOOKUP(A10,[2]Hoja1!$B:$D,3,0) -> Próxima devolución BAT (Ago 2025)
A11: 100015648 | B11: 75070588 | C11: LUCKY STRIKE 100S MYSTIC 1 CAJETILLA | D11: BAT | E11: BYE | F11: VFM | G11: FULL FLAVOR | H11: CIGARROS | I11: Inactivo | J11: =VLOOKUP(A11,Catálogo!A:B,2,0) -> 11470.86 | K11: =VLOOKUP(A11,Catálogo!A:C,3,0) -> 170 | L11: =VLOOKUP(A11,Catálogo!A:D,4,0) -> 16.8104 | M11: =J11/L11 -> 682.36687 | N11: =VLOOKUP(A11,[2]Hoja1!$B:$D,3,0) -> Próxima devolución BAT (Ago 2025)
A12: 100023424 | B12: 75079895 | C12: LUCKY STRIKE ORIGINS BRIGHT 20 PZ | D12: BAT | E12: BYE | F12: PREMIUM | G12: FULL FLAVOR | H12: CIGARROS | I12: Descontinuado (con stock) | J12: =VLOOKUP(A12,Catálogo!A:B,2,0) -> 10811.63 | K12: =VLOOKUP(A12,Catálogo!A:C,3,0) -> 141 | L12: =VLOOKUP(A12,Catálogo!A:D,4,0) -> 5.6879 | M12: =J12/L12 -> 1900.8123 | N12: =VLOOKUP(A12,[2]Hoja1!$B:$D,3,0) -> Devolución 2025 BAT Ola 2 (Nacional excepto Tamps)
A13: 100019548 | B13: 75073978 | C13: LUCKY STRIKE NOVA LATA 1 CAJETILLA | D13: BAT | E13: BYE | F13: LOW | G13: F&S | H13: CIGARROS | I13: Descontinuado (con stock) | J13: =VLOOKUP(A13,Catálogo!A:B,2,0) -> 9707.67 | K13: =VLOOKUP(A13,Catálogo!A:C,3,0) -> 140 | L13: =VLOOKUP(A13,Catálogo!A:D,4,0) -> 0 | N13: =VLOOKUP(A13,[2]Hoja1!$B:$D,3,0) -> Próxima devolución BAT (Ago 2025)
A14: 101000089 | B14: 7702303023221 | C14: VUSE GO 3000 MENTHOL ICE 34 MG 1 PZ | D14: BAT | E14: BYE | F14: PREMIUM | G14: VAPOUR FLAVOUR | H14: VAPOUR | I14: Inactivo | J14: =VLOOKUP(A14,Catálogo!A:B,2,0) -> 13869.73 | K14: =VLOOKUP(A14,Catálogo!A:C,3,0) -> 50 | L14: =VLOOKUP(A14,Catálogo!A:D,4,0) -> 0 | N14: =VLOOKUP(A14,[2]Hoja1!$B:$D,3,0) -> Devoluciones Vuse (feb 2025)
A15: 101000090 | B15: 7702303936590 | C15: VUSE GO 3000 BLUE RASPBERRY 34 MG 1 PZ | D15: BAT | E15: BYE | F15: PREMIUM | G15: VAPOUR FLAVOUR | H15: VAPOUR | I15: Inactivo | J15: =VLOOKUP(A15,Catálogo!A:B,2,0) -> 12500.01 | K15: =VLOOKUP(A15,Catálogo!A:C,3,0) -> 45 | L15: =VLOOKUP(A15,Catálogo!A:D,4,0) -> 0 | N15: =VLOOKUP(A15,[2]Hoja1!$B:$D,3,0) -> Devoluciones Vuse (feb 2025)
A16: 101000084 | B16: 7707200941241 | C16: VUSE GO 700 MENTHOL ICE 34 MG 1 PZ | D16: BAT | E16: BYE | F16: PREMIUM | G16: VAPOUR FLAVOUR | H16: VAPOUR | I16: Inactivo | J16: =VLOOKUP(A16,Catálogo!A:B,2,0) -> 11388.89 | K16: =VLOOKUP(A16,Catálogo!A:C,3,0) -> 82 | L16: =VLOOKUP(A16,Catálogo!A:D,4,0) -> 0 | N16: =VLOOKUP(A16,[2]Hoja1!$B:$D,3,0) -> Devoluciones Vuse (feb 2025)
A17: 100024722 | B17: 7707200945072 | C17: VUSE GO 5000 BLUEBERRY RASPBERRY 34 MGML 1 PZ | D17: BAT | E17: BYE | F17: PREMIUM | G17: VAPOUR FLAVOUR | H17: VAPOUR | I17: Inactivo | J17: =VLOOKUP(A17,Catálogo!A:B,2,0) -> 11259.26 | K17: =VLOOKUP(A17,Catálogo!A:C,3,0) -> 38 | L17: =VLOOKUP(A17,Catálogo!A:D,4,0) -> 0 | N17: =VLOOKUP(A17,[2]Hoja1!$B:$D,3,0) -> Devoluciones Vuse (feb 2025)
A18: 100015416 | B18: 7501045356259 | C18: HEETS AMBER SELECTION 1 CAJETILLA | D18: PMI | E18: BYE | F18: VFM | G18: HTP FLAVOUR | H18: HTP | I18: Descontinuado (con stock) | J18: =VLOOKUP(A18,Catálogo!A:B,2,0) -> 12857.05 | K18: =VLOOKUP(A18,Catálogo!A:C,3,0) -> 187 | L18: =VLOOKUP(A18,Catálogo!A:D,4,0) -> 0 | M18: =J18/L18 -> #DIV/0! | N18: =VLOOKUP(A18,[2]Hoja1!$B:$D,3,0) -> Devoluciones Heets
A19: 100015215 | B19: 75069490 | C19: PALL MALL CALIFORNIA NIGHTS 20 | D19: BAT | E19: BYE | F19: VFM | G19: MENTHOL | H19: CIGARROS | I19: Inactivo | J19: =VLOOKUP(A19,Catálogo!A:B,2,0) -> 8150.73 | K19: =VLOOKUP(A19,Catálogo!A:C,3,0) -> 123 | L19: =VLOOKUP(A19,Catálogo!A:D,4,0) -> 0 | M19: =J19/L19 -> #DIV/0! | N19: =VLOOKUP(A19,[2]Hoja1!$B:$D,3,0) -> Descontinuado BAT
A20: 101000093 | B20: 7702303182898 | C20: VUSE GO 3000 APPLE SOUR 34 MG 1 PZ | D20: BAT | E20: BYE | F20: PREMIUM | G20: VAPOUR FLAVOUR | H20: VAPOUR | I20: Inactivo | J20: =VLOOKUP(A20,Catálogo!A:B,2,0) -> 11091.95 | K20: =VLOOKUP(A20,Catálogo!A:C,3,0) -> 40 | L20: =VLOOKUP(A20,Catálogo!A:D,4,0) -> 0 | N20: =VLOOKUP(A20,[2]Hoja1!$B:$D,3,0) -> Devoluciones Vuse (feb 2025)
A21: 100019052 | B21: 75074784 | C21: MONTANA SHOTS XL 20S 1 CAJETILLA | D21: BAT | E21: BYE | F21: LOW | G21: FULL FLAVOR | H21: CIGARROS | I21: Descontinuado (con stock) | J21: =VLOOKUP(A21,Catálogo!A:B,2,0) -> 6411.62 | K21: =VLOOKUP(A21,Catálogo!A:C,3,0) -> 100 | L21: =VLOOKUP(A21,Catálogo!A:D,4,0) -> 0 | M21: =J21/L21 -> #DIV/0! | N21: =VLOOKUP(A21,[2]Hoja1!$B:$D,3,0) -> Artículos In&Out
A22: 101000087 | B22: 7702303419598 | C22: VUSE GO 700 GRAPE ICE 34 MG 1 PZ | D22: BAT | E22: BYE | F22: PREMIUM | G22: VAPOUR FLAVOUR | H22: VAPOUR | I22: Inactivo | J22: =VLOOKUP(A22,Catálogo!A:B,2,0) -> 10555.56 | K22: =VLOOKUP(A22,Catálogo!A:C,3,0) -> 76 | L22: =VLOOKUP(A22,Catálogo!A:D,4,0) -> 0 | N22: =VLOOKUP(A22,[2]Hoja1!$B:$D,3,0) -> Devoluciones Vuse (feb 2025)
A23: 100017980 | B23: 7501045357881 | C23: HEETS BRONZE SELECTION 1 CAJETILLA | D23: PMI | E23: BYE | F23: VFM | G23: HTP FLAVOUR | H23: HTP | I23: Descontinuado (con stock) | J23: =VLOOKUP(A23,Catálogo!A:B,2,0) -> 14366.8 | K23: =VLOOKUP(A23,Catálogo!A:C,3,0) -> 211 | L23: =VLOOKUP(A23,Catálogo!A:D,4,0) -> 0 | M23: =J23/L23 -> #DIV/0! | N23: =VLOOKUP(A23,[2]Hoja1!$B:$D,3,0) -> Devoluciones Heets
A24: 100020728 | B24: 75018825 | C24: BENSON&HEDGE LUX JA JADE 1 CAJETILLA | D24: PMI | E24: BYE | F24: VFM | G24: F&S | H24: CIGARROS | I24: Descontinuado (con stock) | J24: =VLOOKUP(A24,Catálogo!A:B,2,0) -> 4351.19 | K24: =VLOOKUP(A24,Catálogo!A:C,3,0) -> 63 | L24: =VLOOKUP(A24,Catálogo!A:D,4,0) -> 0 | M24: =J24/L24 -> #DIV/0! | N24: =VLOOKUP(A24,[2]Hoja1!$B:$D,3,0) -> Devolución 2024 PMI
A25: 101000088 | B25: 7702303342513 | C25: VUSE GO 700 MANGO ICE 34 MG 1 PZ | D25: BAT | E25: BYE | F25: PREMIUM | G25: VAPOUR FLAVOUR | H25: VAPOUR | I25: Inactivo | J25: =VLOOKUP(A25,Catálogo!A:B,2,0) -> 9722.23 | K25: =VLOOKUP(A25,Catálogo!A:C,3,0) -> 70 | L25: =VLOOKUP(A25,Catálogo!A:D,4,0) -> 0 | N25: =VLOOKUP(A25,[2]Hoja1!$B:$D,3,0) -> Devoluciones Vuse (feb 2025)
A26: 100016411 | B26: 7503023959162 | C26: WINSTON WINSTO WATERMELON 100S 1CAJE | D26: JTI | E26: BYE | F26: BUL | G26: F&S | H26: CIGARROS | I26: Inactivo | J26: =VLOOKUP(A26,Catálogo!A:B,2,0) -> 2730 | K26: =VLOOKUP(A26,Catálogo!A:C,3,0) -> 55 | L26: =VLOOKUP(A26,Catálogo!A:D,4,0) -> 0 | M26: =J26/L26 -> #DIV/0! | N26: =VLOOKUP(A26,[2]Hoja1!$B:$D,3,0) -> Próxima devolución BAT (Ago 2025)
A27: 100020528 | B27: 75074937 | C27: PALL MALL XL FUJI 20S 1 CAJETILLA | D27: BAT | E27: BYE | F27: VFM | G27: F&S | H27: CIGARROS | I27: Descontinuado (con stock) | J27: =VLOOKUP(A27,Catálogo!A:B,2,0) -> 6689.73 | K27: =VLOOKUP(A27,Catálogo!A:C,3,0) -> 95 | L27: =VLOOKUP(A27,Catálogo!A:D,4,0) -> 2.6125 | M27: =J27/L27 -> 2560.6622 | N27: =VLOOKUP(A27,[2]Hoja1!$B:$D,3,0) -> Devolución 2024 PMI
A28: 101000091 | B28: 7702303890434 | C28: VUSE GO 3000 BERRY BLEND 34 MG 1 PZ | D28: BAT | E28: BYE | F28: PREMIUM | G28: VAPOUR FLAVOUR | H28: VAPOUR | I28: Inactivo | J28: =VLOOKUP(A28,Catálogo!A:B,2,0) -> 8611.11 | K28: =VLOOKUP(A28,Catálogo!A:C,3,0) -> 31 | L28: =VLOOKUP(A28,Catálogo!A:D,4,0) -> 0 | N28: =VLOOKUP(A28,[2]Hoja1!$B:$D,3,0) -> Devoluciones Vuse (feb 2025)
A29: 101000085 | B29: 7707200941753 | C29: VUSE GO 700 BLUEBERRY ICE 34 MG 1 PZ | D29: BAT | E29: BYE | F29: PREMIUM | G29: VAPOUR FLAVOUR | H29: VAPOUR | I29: Inactivo | J29: =VLOOKUP(A29,Catálogo!A:B,2,0) -> 7777.78 | K29: =VLOOKUP(A29,Catálogo!A:C,3,0) -> 56 | L29: =VLOOKUP(A29,Catálogo!A:D,4,0) -> 0 | N29: =VLOOKUP(A29,[2]Hoja1!$B:$D,3,0) -> Devoluciones Vuse (feb 2025)
A30: 101000080 | B30: 7702303820974 | C30: VUSE VIVID MINT ICE 0 MG 1 PZ | D30: BAT | E30: BYE | F30: PREMIUM | G30: VAPOUR FLAVOUR | H30: VAPOUR | I30: Inactivo | J30: =VLOOKUP(A30,Catálogo!A:B,2,0) -> 8472.22 | K30: =VLOOKUP(A30,Catálogo!A:C,3,0) -> 61 | L30: =VLOOKUP(A30,Catálogo!A:D,4,0) -> 0 | N30: =VLOOKUP(A30,[2]Hoja1!$B:$D,3,0) -> Devoluciones Vuse (feb 2025)
A31: 100015417 | B31: 7501045357447 | C31: HEETS BLUE SELECTION 1 CAJETILLA | D31: PMI | E31: BYE | F31: VFM | G31: HTP FLAVOUR | H31: HTP | I31: Descontinuado (con stock) | J31: =VLOOKUP(A31,Catálogo!A:B,2,0) -> 8465.68 | K31: =VLOOKUP(A31,Catálogo!A:C,3,0) -> 124 | L31: =VLOOKUP(A31,Catálogo!A:D,4,0) -> 0 | M31: =J31/L31 -> #DIV/0! | N31: =VLOOKUP(A31,[2]Hoja1!$B:$D,3,0) -> Devoluciones Heets
A32: 100006296 | B32: 75053758 | C32: MARLBORO TABACO REPOSADO GOLD | D32: PMI | E32: BYE | F32: LOW | G32: FULL FLAVOR | H32: CIGARROS | I32: Descontinuado (con stock) | J32: =VLOOKUP(A32,Catálogo!A:B,2,0) -> 4660.04 | K32: =VLOOKUP(A32,Catálogo!A:C,3,0) -> 77 | L32: =VLOOKUP(A32,Catálogo!A:D,4,0) -> 0 | M32: =J32/L32 -> #DIV/0! | N32: =VLOOKUP(A32,[2]Hoja1!$B:$D,3,0) -> Descontinuado PMI
A33: 101000092 | B33: 7702303007979 | C33: VUSE GO 3000 BLUEBERRY ICE 34 MG 1 PZ | D33: BAT | E33: BYE | F33: PREMIUM | G33: VAPOUR FLAVOUR | H33: VAPOUR | I33: Inactivo | J33: =VLOOKUP(A33,Catálogo!A:B,2,0) -> 7758.62 | K33: =VLOOKUP(A33,Catálogo!A:C,3,0) -> 28 | L33: =VLOOKUP(A33,Catálogo!A:D,4,0) -> 0 | N33: =VLOOKUP(A33,[2]Hoja1!$B:$D,3,0) -> Devoluciones Vuse (feb 2025)
A34: 100019549 | B34: 75073985 | C34: LUCKY STRIKE NOVA 20S 1 CAJETILLA | D34: BAT | E34: BYE | F34: VFM | G34: MENTHOL | H34: CIGARROS | I34: Inactivo | J34: =VLOOKUP(A34,Catálogo!A:B,2,0) -> 3562.22 | K34: =VLOOKUP(A34,Catálogo!A:C,3,0) -> 51 | L34: =VLOOKUP(A34,Catálogo!A:D,4,0) -> 5.1725 | M34: =J34/L34 -> 688.68439 | N34: =VLOOKUP(A34,[2]Hoja1!$B:$D,3,0) -> Próxima devolución BAT (Ago 2025)
A35: 100020727 | B35: 75015725 | C35: BENSON&HEDGE LUX SA SAPPHIRE 1 CAJETILLA | D35: PMI | E35: BYE | F35: VFM | G35: MENTHOL | H35: CIGARROS | I35: Descontinuado (con stock) | J35: =VLOOKUP(A35,Catálogo!A:B,2,0) -> 2238.18 | K35: =VLOOKUP(A35,Catálogo!A:C,3,0) -> 32 | L35: =VLOOKUP(A35,Catálogo!A:D,4,0) -> 0 | M35: =J35/L35 -> #DIV/0! | N35: =VLOOKUP(A35,[2]Hoja1!$B:$D,3,0) -> Devolución 2024 PMI
A36: 100024721 | B36: 7707200949551 | C36: VUSE GO 5000 BERRY BLEND 34 MGML 1 PZ | D36: BAT | E36: BYE | F36: PREMIUM | G36: VAPOUR FLAVOUR | H36: VAPOUR | I36: Inactivo | J36: =VLOOKUP(A36,Catálogo!A:B,2,0) -> 7407.41 | K36: =VLOOKUP(A36,Catálogo!A:C,3,0) -> 25 | L36: =VLOOKUP(A36,Catálogo!A:D,4,0) -> 0 | N36: =VLOOKUP(A36,[2]Hoja1!$B:$D,3,0) -> Devoluciones Vuse (feb 2025)
A37: 100018931 | B37: 7503023959346 | C37: CAMEL FILTER LEP ANIMALS 20S 23 G | D37: JTI | E37: BYE | F37: PREMIUM | G37: FULL FLAVOR | H37: CIGARROS | I37: Inactivo | J37: =VLOOKUP(A37,Catálogo!A:B,2,0) -> 7216.31 | K37: =VLOOKUP(A37,Catálogo!A:C,3,0) -> 93 | L37: =VLOOKUP(A37,Catálogo!A:D,4,0) -> 0 | N37: =VLOOKUP(A37,[2]Hoja1!$B:$D,3,0) -> Descontinuado JTI
A38: 100015645 | B38: 75070373 | C38: LUCKY STRIKE 94MM WINTER STORM 1 CAJETILLA | D38: BAT | E38: BYE | F38: PREMIUM | G38: MENTHOL | H38: CIGARROS | I38: Descontinuado (con stock) | J38: =VLOOKUP(A38,Catálogo!A:B,2,0) -> 4122.45 | K38: =VLOOKUP(A38,Catálogo!A:C,3,0) -> 55 | L38: =VLOOKUP(A38,Catálogo!A:D,4,0) -> 2.6171 | N38: =VLOOKUP(A38,[2]Hoja1!$B:$D,3,0) -> Descontinuado BAT
A39: 100022968 | B39: 75025359 | C39: MARLBORO SOL SHUFFLE MNT 100 BOX 20 | D39: PMI | E39: BYE | F39: VFM | G39: F&S | H39: CIGARROS | I39: Descontinuado (con stock) | J39: =VLOOKUP(A39,Catálogo!A:B,2,0) -> 3851.73 | K39: =VLOOKUP(A39,Catálogo!A:C,3,0) -> 55 | L39: =VLOOKUP(A39,Catálogo!A:D,4,0) -> 0 | M39: =J39/L39 -> #DIV/0! | N39: =VLOOKUP(A39,[2]Hoja1!$B:$D,3,0) -> Artículos In&Out
A40: 101000081 | B40: 7702303239264 | C40: VUSE VIVID MINT ICE 18 MG 1 PZ | D40: BAT | E40: BYE | F40: PREMIUM | G40: VAPOUR FLAVOUR | H40: VAPOUR | I40: Inactivo | J40: =VLOOKUP(A40,Catálogo!A:B,2,0) -> 7064.17 | K40: =VLOOKUP(A40,Catálogo!A:C,3,0) -> 51 | L40: =VLOOKUP(A40,Catálogo!A:D,4,0) -> 0 | N40: =VLOOKUP(A40,[2]Hoja1!$B:$D,3,0) -> Devoluciones Vuse (feb 2025)
A41: 101000086 | B41: 7702303173667 | C41: VUSE GO 700 BERRY BLEND 34 MG 1 PZ | D41: BAT | E41: BYE | F41: PREMIUM | G41: VAPOUR FLAVOUR | H41: VAPOUR | I41: Inactivo | J41: =VLOOKUP(A41,Catálogo!A:B,2,0) -> 7083.32 | K41: =VLOOKUP(A41,Catálogo!A:C,3,0) -> 51 | L41: =VLOOKUP(A41,Catálogo!A:D,4,0) -> 0 | N41: =VLOOKUP(A41,[2]Hoja1!$B:$D,3,0) -> Devoluciones Vuse (feb 2025)
A42: 101000082 | B42: 7702303464376 | C42: VUSE VIVID STRAWBERRY ICE 18 MG 1 PZ | D42: BAT | E42: BYE | F42: PREMIUM | G42: VAPOUR FLAVOUR | H42: VAPOUR | I42: Inactivo | J42: =VLOOKUP(A42,Catálogo!A:B,2,0) -> 6944.45 | K42: =VLOOKUP(A42,Catálogo!A:C,3,0) -> 50 | L42: =VLOOKUP(A42,Catálogo!A:D,4,0) -> 0 | N42: =VLOOKUP(A42,[2]Hoja1!$B:$D,3,0) -> Devoluciones Vuse (feb 2025)
A43: 100022054 | B43: 7503023959438 | C43: WINSTON OASIS FRES 27.4 G | D43: JTI | E43: BYE | F43: BUL | G43: F&S | H43: CIGARROS | I43: Inactivo | J43: =VLOOKUP(A43,Catálogo!A:B,2,0) -> 2434.48 | K43: =VLOOKUP(A43,Catálogo!A:C,3,0) -> 49 | L43: =VLOOKUP(A43,Catálogo!A:D,4,0) -> 4.0639 | M43: =J43/L43 -> 599.05017 | N43: =VLOOKUP(A43,[2]Hoja1!$B:$D,3,0) -> Descontinuado JTI
A44: 100011677 | B44: 75063740 | C44: CHESTERFIELD BLUE 14 1CAJ | D44: PMI | E44: BYE | F44: LOW | G44: LOW-TAR | H44: CIGARROS | I44: Descontinuado (con stock) | J44: =VLOOKUP(A44,Catálogo!A:B,2,0) -> 3593.69 | K44: =VLOOKUP(A44,Catálogo!A:C,3,0) -> 112 | L44: =VLOOKUP(A44,Catálogo!A:D,4,0) -> 0 | M44: =J44/L44 -> #DIV/0! | N44: =VLOOKUP(A44,[2]Hoja1!$B:$D,3,0) -> Devolución 2024 PMI
A45: 100024720 | B45: 7707200949285 | C45: VUSE GO 5000 BLUEBERRY ICE 34 MGML 1 PZ | D45: BAT | E45: BYE | F45: PREMIUM | G45: VAPOUR FLAVOUR | H45: VAPOUR | I45: Inactivo | J45: =VLOOKUP(A45,Catálogo!A:B,2,0) -> 6518.52 | K45: =VLOOKUP(A45,Catálogo!A:C,3,0) -> 22 | L45: =VLOOKUP(A45,Catálogo!A:D,4,0) -> 0 | N45: =VLOOKUP(A45,[2]Hoja1!$B:$D,3,0) -> Devoluciones Vuse (feb 2025)
A46: 100015418 | B46: 7501045357454 | C46: HEETS PURPLE SELECTION 1 CAJETILLA | D46: PMI | E46: BYE | F46: VFM | G46: HTP FLAVOUR | H46: HTP | I46: Descontinuado (con stock) | J46: =VLOOKUP(A46,Catálogo!A:B,2,0) -> 9633.73 | K46: =VLOOKUP(A46,Catálogo!A:C,3,0) -> 139 | L46: =VLOOKUP(A46,Catálogo!A:D,4,0) -> 0 | M46: =J46/L46 -> #DIV/0! | N46: =VLOOKUP(A46,[2]Hoja1!$B:$D,3,0) -> Devoluciones Heets
A47: 100023714 | B47: 75080105 | C47: LUCKY STRIKE LATA CLÁSICA RED 20 PZ | D47: BAT | E47: BYE | F47: LOW | G47: FULL FLAVOR | H47: CIGARROS | I47: Descontinuado (con stock) | J47: =VLOOKUP(A47,Catálogo!A:B,2,0) -> 1285.36 | K47: =VLOOKUP(A47,Catálogo!A:C,3,0) -> 21 | L47: =VLOOKUP(A47,Catálogo!A:D,4,0) -> 0 | N47: =VLOOKUP(A47,[2]Hoja1!$B:$D,3,0) -> Próxima devolución BAT (Ago 2025)
A48: 100022848 | B48: 7503031950496 | C48: MARLBORO CARIBBEAN LATA 23 CAJET PZ | D48: PMI | E48: BYE | F48: VFM | G48: F&S | H48: CIGARROS | I48: Descontinuado (con stock) | J48: =VLOOKUP(A48,Catálogo!A:B,2,0) -> 2701.7 | K48: =VLOOKUP(A48,Catálogo!A:C,3,0) -> 37 | L48: =VLOOKUP(A48,Catálogo!A:D,4,0) -> 2.4632 | N48: =VLOOKUP(A48,[2]Hoja1!$B:$D,3,0) -> Descontinuado PMI
A49: 100024306 | B49: 7503031949094 | C49: MARLBORO VISTA FOREST FUSION 100 BOX 20 LATA MEXICO 2024 CAJETILLA PZ | D49: PMI | E49: BYE | F49: VFM | G49: F&S | H49: CIGARROS | I49: Descontinuado (con stock) | J49: =VLOOKUP(A49,Catálogo!A:B,2,0) -> 2081.28 | K49: =VLOOKUP(A49,Catálogo!A:C,3,0) -> 29 | L49: =VLOOKUP(A49,Catálogo!A:D,4,0) -> 2.4632 | M49: =J49/L49 -> 844.94966 | N49: =VLOOKUP(A49,[2]Hoja1!$B:$D,3,0) -> Descontinuado PMI
A50: 101000083 | B50: 7702303238434 | C50: VUSE VIVID BLUEBERRY ICE 18 MG 1 PZ | D50: BAT | E50: BYE | F50: PREMIUM | G50: VAPOUR FLAVOUR | H50: VAPOUR | I50: Inactivo | J50: =VLOOKUP(A50,Catálogo!A:B,2,0) -> 5675.28 | K50: =VLOOKUP(A50,Catálogo!A:C,3,0) -> 41 | L50: =VLOOKUP(A50,Catálogo!A:D,4,0) -> 0 | N50: =VLOOKUP(A50,[2]Hoja1!$B:$D,3,0) -> Devoluciones Vuse (feb 2025)
A51: 100022137 | B51: 7503031950311 | C51: MARLBORO CARIBB LPE CARIBBEAN 1 CAJETILLA | D51: PMI | E51: BYE | F51: VFM | G51: F&S | H51: CIGARROS | I51: Descontinuado (con stock) | J51: =VLOOKUP(A51,Catálogo!A:B,2,0) -> 4100.77 | K51: =VLOOKUP(A51,Catálogo!A:C,3,0) -> 56 | L51: =VLOOKUP(A51,Catálogo!A:D,4,0) -> 2.4632 | N51: =VLOOKUP(A51,[2]Hoja1!$B:$D,3,0) -> Descontinuado PMI
A52: 100023892 | B52: 7503031950946 | C52: MARLBORO BLOSSOM MIST MNT LATA DISCO 24 PZ | D52: PMI | E52: BYE | F52: VFM | G52: F&S | H52: CIGARROS | I52: Descontinuado (con stock) | J52: =VLOOKUP(A52,Catálogo!A:B,2,0) -> 4942.55 | K52: =VLOOKUP(A52,Catálogo!A:C,3,0) -> 71 | L52: =VLOOKUP(A52,Catálogo!A:D,4,0) -> 10.3996 | N52: =VLOOKUP(A52,[2]Hoja1!$B:$D,3,0) -> Descontinuado PMI
A53: 100080899 | B53: 40331379 | C53: WINSTON CIGARR BLUE 14S CAJET | D53: JTI | E53: BYE | F53: LOW | G53: FULL FLAVOR | H53: CIGARROS | I53: Inactivo | J53: =VLOOKUP(A53,Catálogo!A:B,2,0) -> 1047.61 | K53: =VLOOKUP(A53,Catálogo!A:C,3,0) -> 27 | L53: =VLOOKUP(A53,Catálogo!A:D,4,0) -> 0 | N53: =VLOOKUP(A53,[2]Hoja1!$B:$D,3,0) -> Descontinuado JTI
A54: 101000061 | B54: 75006204 | C54: MARLBORO CARIBBEAN FUSION 100 BOX 14 CAJETILLA PZ | D54: PMI | E54: BYE | F54: VFM | G54: F&S | H54: CIGARROS | I54: Descontinuado (con stock) | J54: =VLOOKUP(A54,Catálogo!A:B,2,0) -> 3759.47 | K54: =VLOOKUP(A54,Catálogo!A:C,3,0) -> 73 | L54: =VLOOKUP(A54,Catálogo!A:D,4,0) -> 0 | M54: =J54/L54 -> #DIV/0! | N54: =VLOOKUP(A54,[2]Hoja1!$B:$D,3,0) -> Artículos In&Out
A55: 100022210 | B55: 75012694 | C55: BENSON&HEDGE LUX QU QUARTZ 1 CAJETILLA | D55: PMI | E55: BYE | F55: VFM | G55: F&S | H55: CIGARROS | I55: Descontinuado (con stock) | J55: =VLOOKUP(A55,Catálogo!A:B,2,0) -> 1395.2 | K55: =VLOOKUP(A55,Catálogo!A:C,3,0) -> 20 | L55: =VLOOKUP(A55,Catálogo!A:D,4,0) -> 0 | N55: =VLOOKUP(A55,[2]Hoja1!$B:$D,3,0) -> Devolución 2024 PMI
A56: 100022847 | B56: 7503031950472 | C56: MARLBORO ARTIC LATA 23 CAJET PZ | D56: PMI | E56: BYE | F56: VFM | G56: MENTHOL | H56: CIGARROS | I56: Descontinuado (con stock) | J56: =VLOOKUP(A56,Catálogo!A:B,2,0) -> 1953.54 | K56: =VLOOKUP(A56,Catálogo!A:C,3,0) -> 27 | L56: =VLOOKUP(A56,Catálogo!A:D,4,0) -> 0 | M56: =J56/L56 -> #DIV/0! | N56: =VLOOKUP(A56,[2]Hoja1!$B:$D,3,0) -> Descontinuado PMI
A57: 100018748 | B57: 75074203 | C57: LUCKY STRIKE ECLIPS LATA 1 CAJETILLA | D57: BAT | E57: BYE | F57: VFM | G57: FULL FLAVOR | H57: CIGARROS | I57: Inactivo | J57: =VLOOKUP(A57,Catálogo!A:B,2,0) -> 437.04 | K57: =VLOOKUP(A57,Catálogo!A:C,3,0) -> 8 | L57: =VLOOKUP(A57,Catálogo!A:D,4,0) -> 0 | N57: =VLOOKUP(A57,[2]Hoja1!$B:$D,3,0) -> Próxima devolución BAT (Ago 2025)
A58: 100024303 | B58: 7503031950977 | C58: MARLBORO VISTA GARDEN FUSION 100 BOX 20 LATA MEXICO 2024 CAJETILLA PZ | D58: PMI | E58: BYE | F58: VFM | G58: F&S | H58: CIGARROS | I58: Descontinuado (con stock) | J58: =VLOOKUP(A58,Catálogo!A:B,2,0) -> 638.8 | K58: =VLOOKUP(A58,Catálogo!A:C,3,0) -> 9 | L58: =VLOOKUP(A58,Catálogo!A:D,4,0) -> 2.6786 | M58: =J58/L58 -> 238.48279 | N58: =VLOOKUP(A58,[2]Hoja1!$B:$D,3,0) -> Devolución PMI 2025
A59: 100022845 | B59: 7503031950458 | C59: MARLBORO SUMMER LATA 23 CAJET PZ | D59: PMI | E59: BYE | F59: VFM | G59: F&S | H59: CIGARROS | I59: Descontinuado (con stock) | J59: =VLOOKUP(A59,Catálogo!A:B,2,0) -> 2120.06 | K59: =VLOOKUP(A59,Catálogo!A:C,3,0) -> 30 | L59: =VLOOKUP(A59,Catálogo!A:D,4,0) -> 0 | M59: =J59/L59 -> #DIV/0! | N59: =VLOOKUP(A59,[2]Hoja1!$B:$D,3,0) -> Descontinuado PMI
A60: 100022849 | B60: 7503031950465 | C60: MARLBORO GARDEN LATA 23 CAJET PZ | D60: PMI | E60: BYE | F60: VFM | G60: F&S | H60: CIGARROS | I60: Descontinuado (con stock) | J60: =VLOOKUP(A60,Catálogo!A:B,2,0) -> 1628.67 | K60: =VLOOKUP(A60,Catálogo!A:C,3,0) -> 22 | L60: =VLOOKUP(A60,Catálogo!A:D,4,0) -> 0 | M60: =J60/L60 -> #DIV/0! | N60: =VLOOKUP(A60,[2]Hoja1!$B:$D,3,0) -> Descontinuado PMI
A61: 100022785 | B61: 7501031701698 | C61: VUSE EPOD2 STRAWBERRY 0MG 1 PZ | D61: BAT | E61: BYE | F61: PREMIUM | G61: VAPOUR FLAVOUR | H61: VAPOUR | I61: Inactivo | J61: =VLOOKUP(A61,Catálogo!A:B,2,0) -> 648.15 | K61: =VLOOKUP(A61,Catálogo!A:C,3,0) -> 5 | L61: =VLOOKUP(A61,Catálogo!A:D,4,0) -> 0 | N61: =VLOOKUP(A61,[2]Hoja1!$B:$D,3,0) -> Devoluciones Vuse (feb 2025)
A62: 100024725 | B62: 7707200944563 | C62: VUSE GO RELOAD BLACK 1 PZ | D62: BAT | E62: BYE | F62: PREMIUM | G62: VAPOUR FLAVOUR | H62: VAPOUR | I62: Inactivo | J62: =VLOOKUP(A62,Catálogo!A:B,2,0) -> 3812.26 | K62: =VLOOKUP(A62,Catálogo!A:C,3,0) -> 28 | L62: =VLOOKUP(A62,Catálogo!A:D,4,0) -> 0 | N62: =VLOOKUP(A62,[2]Hoja1!$B:$D,3,0) -> Devoluciones Vuse (feb 2025)
A63: 100011672 | B63: 75063801 | C63: MARLBORO CRAFTED ICE MIX | D63: PMI | E63: BYE | F63: LOW | G63: MENTHOL | H63: CIGARROS | I63: Descontinuado (con stock) | J63: =VLOOKUP(A63,Catálogo!A:B,2,0) -> 28959.7 | K63: =VLOOKUP(A63,Catálogo!A:C,3,0) -> 568 | L63: =VLOOKUP(A63,Catálogo!A:D,4,0) -> 0 | M63: =J63/L63 -> #DIV/0! | N63: =VLOOKUP(A63,[2]Hoja1!$B:$D,3,0) -> Devolución PMI 2025
A64: 100020729 | B64: 75012564 | C64: BENSON&HEDGE LUX AM AMBER 1 CAJETILLA | D64: PMI | E64: BYE | F64: VFM | G64: F&S | H64: CIGARROS | I64: Descontinuado (con stock) | J64: =VLOOKUP(A64,Catálogo!A:B,2,0) -> 1648.65 | K64: =VLOOKUP(A64,Catálogo!A:C,3,0) -> 24 | L64: =VLOOKUP(A64,Catálogo!A:D,4,0) -> 0 | N64: =VLOOKUP(A64,[2]Hoja1!$B:$D,3,0) -> Devolución 2024 PMI
A65: 100019959 | B65: 75074913 | C65: PALL MALL XL ATHENS 20S 1 CAJETILLA | D65: BAT | E65: BYE | F65: VFM | G65: ME | H65: CIGARROS | I65: Descontinuado (con stock) | J65: =VLOOKUP(A65,Catálogo!A:B,2,0) -> 634.7 | K65: =VLOOKUP(A65,Catálogo!A:C,3,0) -> 9 | L65: =VLOOKUP(A65,Catálogo!A:D,4,0) -> 0 | M65: =J65/L65 -> #DIV/0! | N65: =VLOOKUP(A65,[2]Hoja1!$B:$D,3,0) -> Devolución 2025 BAT Ola 1 (Nacional excepto Tamps)
A66: 100023126 | B66: 7501031701520 | C66: VUSE GRAPHITE BLACK DEVICE 1 PZ | D66: BAT | E66: BYE | F66: PREMIUM | G66: DEVICE | H66: VAPOUR | I66: Inactivo | J66: =VLOOKUP(A66,Catálogo!A:B,2,0) -> 3483.33 | K66: =VLOOKUP(A66,Catálogo!A:C,3,0) -> 38 | L66: =VLOOKUP(A66,Catálogo!A:D,4,0) -> 0 | N66: =VLOOKUP(A66,[2]Hoja1!$B:$D,3,0) -> Devoluciones Vuse (feb 2025)
A67: 100015222 | B67: 75068790 | C67: MARLBORO AMBER 100 BOX 20 1 CAJETILLA | D67: PMI | E67: BYE | F67: PREMIUM | G67: F&S | H67: CIGARROS | I67: Descontinuado (con stock) | J67: =VLOOKUP(A67,Catálogo!A:B,2,0) -> 301.72 | K67: =VLOOKUP(A67,Catálogo!A:C,3,0) -> 5 | L67: =VLOOKUP(A67,Catálogo!A:D,4,0) -> 0 | M67: =J67/L67 -> #DIV/0! | N67: =VLOOKUP(A67,[2]Hoja1!$B:$D,3,0) -> Descontinuado PMI
A68: 100080862 | B68: 75038007 | C68: BENSON&HEDGE CIGARR MENTHOL 14S CAJET | D68: PMI | E68: BYE | F68: PREMIUM | G68: MENTHOL | H68: CIGARROS | I68: Descontinuado (con stock) | J68: =VLOOKUP(A68,Catálogo!A:B,2,0) -> 1939.12 | K68: =VLOOKUP(A68,Catálogo!A:C,3,0) -> 40 | L68: =VLOOKUP(A68,Catálogo!A:D,4,0) -> 0 | M68: =J68/L68 -> #DIV/0! | N68: =VLOOKUP(A68,[2]Hoja1!$B:$D,3,0) -> Devolución 2024 PMI
A69: 100014718 | B69: 75068806 | C69: BENSON&HEDGE GOLD 100 BOX 14 1CAJE | D69: PMI | E69: BYE | F69: PREMIUM | G69: LOW-TAR | H69: CIGARROS | I69: Descontinuado (con stock) | J69: =VLOOKUP(A69,Catálogo!A:B,2,0) -> 1569.85 | K69: =VLOOKUP(A69,Catálogo!A:C,3,0) -> 32 | L69: =VLOOKUP(A69,Catálogo!A:D,4,0) -> 0 | M69: =J69/L69 -> #DIV/0! | N69: =VLOOKUP(A69,[2]Hoja1!$B:$D,3,0) -> Devolución 2024 PMI
A70: 100080829 | B70: 75034375 | C70: MARLBORO CIGARR TOUCH CAJET | D70: PMI | E70: BYE | F70: PREMIUM | G70: FULL FLAVOR | H70: CIGARROS | I70: Descontinuado (con stock) | J70: =VLOOKUP(A70,Catálogo!A:B,2,0) -> 1064.81 | K70: =VLOOKUP(A70,Catálogo!A:C,3,0) -> 23 | L70: =VLOOKUP(A70,Catálogo!A:D,4,0) -> 0 | N70: =VLOOKUP(A70,[2]Hoja1!$B:$D,3,0) -> Descontinuado PMI
A71: 100015420 | B71: 7501045357416 | C71: HEETS TURQUO SELECTION 1 CAJETILLA | D71: PMI | E71: BYE | F71: VFM | G71: HTP FLAVOUR | H71: HTP | I71: Descontinuado (con stock) | J71: =VLOOKUP(A71,Catálogo!A:B,2,0) -> 1832.18 | K71: =VLOOKUP(A71,Catálogo!A:C,3,0) -> 27 | L71: =VLOOKUP(A71,Catálogo!A:D,4,0) -> 0 | N71: =VLOOKUP(A71,[2]Hoja1!$B:$D,3,0) -> Devoluciones Heets
A72: 100006294 | B72: 75053765 | C72: MARLBORO SELECCION ARTESANAL 20 | D72: PMI | E72: BYE | F72: LOW | G72: FULL FLAVOR | H72: CIGARROS | I72: Descontinuado (con stock) | J72: =VLOOKUP(A72,Catálogo!A:B,2,0) -> 1028.36 | K72: =VLOOKUP(A72,Catálogo!A:C,3,0) -> 18 | L72: =VLOOKUP(A72,Catálogo!A:D,4,0) -> 4.0642 | M72: =J72/L72 -> 253.02889 | N72: =VLOOKUP(A72,[2]Hoja1!$B:$D,3,0) -> Descontinuado PMI
A73: 100017624 | B73: 75072674 | C73: LUCKY STRIKE 100S ECLIPSE 20S 1 PZ | D73: BAT | E73: BYE | F73: VFM | G73: MENTHOL | H73: CIGARROS | I73: Descontinuado (con stock) | J73: =VLOOKUP(A73,Catálogo!A:B,2,0) -> 730.53 | K73: =VLOOKUP(A73,Catálogo!A:C,3,0) -> 10 | L73: =VLOOKUP(A73,Catálogo!A:D,4,0) -> 0 | M73: =J73/L73 -> #DIV/0! | N73: =VLOOKUP(A73,[2]Hoja1!$B:$D,3,0) -> Próxima devolución BAT (Ago 2025)
A74: 100021091 | B74: 7503031950212 | C74: MARLBORO LATA B BLOSOM LPE 1 CAJETILLA | D74: PMI | E74: BYE | F74: VFM | G74: F&S | H74: CIGARROS | I74: Descontinuado (con stock) | J74: =VLOOKUP(A74,Catálogo!A:B,2,0) -> 965.52 | K74: =VLOOKUP(A74,Catálogo!A:C,3,0) -> 14 | L74: =VLOOKUP(A74,Catálogo!A:D,4,0) -> 4.9261 | N74: =VLOOKUP(A74,[2]Hoja1!$B:$D,3,0) -> Descontinuado PMI
A75: 100024712 | B75: 7707200946239 | C75: VUSE GO 1000 GOLDEN BLEND 1 PZ | D75: BAT | E75: BYE | F75: PREMIUM | G75: VAPOUR FLAVOUR | H75: VAPOUR | I75: Inactivo | J75: =VLOOKUP(A75,Catálogo!A:B,2,0) -> 2361.12 | K75: =VLOOKUP(A75,Catálogo!A:C,3,0) -> 17 | L75: =VLOOKUP(A75,Catálogo!A:D,4,0) -> 0 | N75: =VLOOKUP(A75,[2]Hoja1!$B:$D,3,0) -> Devoluciones Vuse (feb 2025)
A76: 100018586 | B76: 75001414 | C76: MARLBORO SELECC ARTESANAL 14 1 CAJETILLA | D76: PMI | E76: BYE | F76: LOW | G76: FULL FLAVOR | H76: CIGARROS | I76: Descontinuado (con stock) | J76: =VLOOKUP(A76,Catálogo!A:B,2,0) -> 1617.81 | K76: =VLOOKUP(A76,Catálogo!A:C,3,0) -> 40 | L76: =VLOOKUP(A76,Catálogo!A:D,4,0) -> 0 | M76: =J76/L76 -> #DIV/0! | N76: =VLOOKUP(A76,[2]Hoja1!$B:$D,3,0) -> Descontinuado PMI
A77: 100022331 | B77: 75004408 | C77: MARLBORO VISTA ARTIC 14S CAJETILLAPZ | D77: PMI | E77: BYE | F77: VFM | G77: MENTHOL | H77: CIGARROS | I77: Descontinuado (con stock) | J77: =VLOOKUP(A77,Catálogo!A:B,2,0) -> 898.56 | K77: =VLOOKUP(A77,Catálogo!A:C,3,0) -> 17 | L77: =VLOOKUP(A77,Catálogo!A:D,4,0) -> 0 | M77: =J77/L77 -> #DIV/0! | N77: =VLOOKUP(A77,[2]Hoja1!$B:$D,3,0) -> Descontinuado PMI
A78: 100080797 | B78: 75029388 | C78: MARLBORO CIGARR FRESH CD CAJET | D78: PMI | E78: BYE | F78: PREMIUM | G78: MENTHOL | H78: CIGARROS | I78: Descontinuado (con stock) | J78: =VLOOKUP(A78,Catálogo!A:B,2,0) -> 422.41 | K78: =VLOOKUP(A78,Catálogo!A:C,3,0) -> 10 | L78: =VLOOKUP(A78,Catálogo!A:D,4,0) -> 0 | N78: =VLOOKUP(A78,[2]Hoja1!$B:$D,3,0) -> Descontinuado PMI
A79: 100024305 | B79: 7503031949001 | C79: MARLBORO VISTA CARIBBEAN FUSION 100 BOX 20 LATA MEXICO 2024 CAJETILLA PZ | D79: PMI | E79: BYE | F79: VFM | G79: F&S | H79: CIGARROS | I79: Descontinuado (con stock) | J79: =VLOOKUP(A79,Catálogo!A:B,2,0) -> 689.66 | K79: =VLOOKUP(A79,Catálogo!A:C,3,0) -> 10 | L79: =VLOOKUP(A79,Catálogo!A:D,4,0) -> 0 | M79: =J79/L79 -> #DIV/0! | N79: =VLOOKUP(A79,[2]Hoja1!$B:$D,3,0) -> Devolución PMI 2025
A80: 100022139 | B80: 7503031950274 | C80: MARLBORO SUMMER LPE SUMMER 1 CAJETILLA | D80: PMI | E80: BYE | F80: VFM | G80: F&S | H80: CIGARROS | I80: Descontinuado (con stock) | J80: =VLOOKUP(A80,Catálogo!A:B,2,0) -> 1135.03 | K80: =VLOOKUP(A80,Catálogo!A:C,3,0) -> 16 | L80: =VLOOKUP(A80,Catálogo!A:D,4,0) -> 0 | M80: =J80/L80 -> #DIV/0! | N80: =VLOOKUP(A80,[2]Hoja1!$B:$D,3,0) -> Descontinuado PMI
A81: 100014571 | B81: 75069506 | C81: CHESTERFIELD ORIGIN REMIX 100 1CAJE | D81: PMI | E81: BYE | F81: LOW | G81: MENTHOL | H81: CIGARROS | I81: Descontinuado (con stock) | J81: =VLOOKUP(A81,Catálogo!A:B,2,0) -> 923.94 | K81: =VLOOKUP(A81,Catálogo!A:C,3,0) -> 13 | L81: =VLOOKUP(A81,Catálogo!A:D,4,0) -> 0 | M81: =J81/L81 -> #DIV/0! | N81: =VLOOKUP(A81,[2]Hoja1!$B:$D,3,0) -> Devolución 2024 PMI
A82: 100080029 | B82: 75001292 | C82: MARLBORO CIGARR LIGTH EL CS CAJET | D82: PMI | E82: BYE | F82: PREMIUM | G82: LOW-TAR | H82: CIGARROS | I82: Descontinuado (con stock) | J82: =VLOOKUP(A82,Catálogo!A:B,2,0) -> 1166.99 | K82: =VLOOKUP(A82,Catálogo!A:C,3,0) -> 60 | L82: =VLOOKUP(A82,Catálogo!A:D,4,0) -> 0 | N82: =VLOOKUP(A82,[2]Hoja1!$B:$D,3,0) -> Descontinuado PMI
A83: 100018639 | B83: 7501045357966 | C83: HEETS GREEN ZING 1 CAJETILLA | D83: PMI | E83: BYE | F83: VFM | G83: HTP FLAVOUR | H83: HTP | I83: Descontinuado (con stock) | J83: =VLOOKUP(A83,Catálogo!A:B,2,0) -> 2547.69 | K83: =VLOOKUP(A83,Catálogo!A:C,3,0) -> 37 | L83: =VLOOKUP(A83,Catálogo!A:D,4,0) -> 0 | M83: =J83/L83 -> #DIV/0! | N83: =VLOOKUP(A83,[2]Hoja1!$B:$D,3,0) -> Devoluciones Heets
A84: 100022136 | B84: 7503031950304 | C84: MARLBORO BLOSSO LPE BLOSSOM 1 CAJETILLA | D84: PMI | E84: BYE | F84: VFM | G84: F&S | H84: CIGARROS | I84: Descontinuado (con stock) | J84: =VLOOKUP(A84,Catálogo!A:B,2,0) -> 789.27 | K84: =VLOOKUP(A84,Catálogo!A:C,3,0) -> 11 | L84: =VLOOKUP(A84,Catálogo!A:D,4,0) -> 0 | N84: =VLOOKUP(A84,[2]Hoja1!$B:$D,3,0) -> Descontinuado PMI
A85: 100014242 | B85: 7503023959117 | C85: CAMEL CAMEL ACTIVA MINT PURPLE 1CAJE | D85: JTI | E85: BYE | F85: VFM | G85: F&S | H85: CIGARROS | I85: Inactivo | J85: =VLOOKUP(A85,Catálogo!A:B,2,0) -> 697.32 | K85: =VLOOKUP(A85,Catálogo!A:C,3,0) -> 10 | L85: =VLOOKUP(A85,Catálogo!A:D,4,0) -> 0 | M85: =J85/L85 -> #DIV/0! | N85: =VLOOKUP(A85,[2]Hoja1!$B:$D,3,0) -> Descontinuado JTI
A86: 100010332 | B86: 75062736 | C86: MARLBORO SHINE 100S 1 CAJETILLA | D86: PMI | E86: BYE | F86: VFM | G86: F&S | H86: CIGARROS | I86: Descontinuado (con stock) | J86: =VLOOKUP(A86,Catálogo!A:B,2,0) -> 749.61 | K86: =VLOOKUP(A86,Catálogo!A:C,3,0) -> 11 | L86: =VLOOKUP(A86,Catálogo!A:D,4,0) -> 0 | N86: =VLOOKUP(A86,[2]Hoja1!$B:$D,3,0) -> Descontinuado PMI
A87: 100020770 | B87: 75074753 | C87: MARLBORO WINTER EDICION LIMITADA W 1 CAJETILLA | D87: PMI | E87: BYE | F87: VFM | G87: F&S | H87: CIGARROS | I87: Descontinuado (con stock) | J87: =VLOOKUP(A87,Catálogo!A:B,2,0) -> 1175.87 | K87: =VLOOKUP(A87,Catálogo!A:C,3,0) -> 16 | L87: =VLOOKUP(A87,Catálogo!A:D,4,0) -> 0 | M87: =J87/L87 -> #DIV/0! | N87: =VLOOKUP(A87,[2]Hoja1!$B:$D,3,0) -> Devolución PMI 2025
A88: 100023361 | B88: 7503031950540 | C88: MARLBORO MARLBORO CRAFTED 2.0 GOLD KS BOX 20 STD - VAO CAJETILLA PZ | D88: PMI | E88: BYE | F88: LOW | G88: LOW-TAR | H88: CIGARROS | I88: Descontinuado (con stock) | J88: =VLOOKUP(A88,Catálogo!A:B,2,0) -> 916.67 | K88: =VLOOKUP(A88,Catálogo!A:C,3,0) -> 15 | L88: =VLOOKUP(A88,Catálogo!A:D,4,0) -> 0 | N88: =VLOOKUP(A88,[2]Hoja1!$B:$D,3,0) -> Descontinuado PMI
A89: 100019958 | B89: 75074920 | C89: PALL MALL XL ICEBER 20S 1 CAJETILLA | D89: BAT | E89: BYE | F89: VFM | G89: MENTHOL | H89: CIGARROS | I89: Descontinuado (con stock) | J89: =VLOOKUP(A89,Catálogo!A:B,2,0) -> #N/A | K89: =VLOOKUP(A89,Catálogo!A:C,3,0) -> #N/A | L89: =VLOOKUP(A89,Catálogo!A:D,4,0) -> #N/A | M89: =J89/L89 -> #N/A | N89: =VLOOKUP(A89,[2]Hoja1!$B:$D,3,0) -> Descontinuado BAT
A90: 100024728 | B90: 7702303657044 | C90: VUSE V- PODPACK BLUEBERRY ICE 20 MG 1 PZ | D90: BAT | E90: BYE | F90: PREMIUM | G90: VAPOUR FLAVOUR | H90: VAPOUR | I90: Inactivo | J90: =VLOOKUP(A90,Catálogo!A:B,2,0) -> 878.67 | K90: =VLOOKUP(A90,Catálogo!A:C,3,0) -> 6 | L90: =VLOOKUP(A90,Catálogo!A:D,4,0) -> 0 | N90: =VLOOKUP(A90,[2]Hoja1!$B:$D,3,0) -> Devoluciones Vuse (feb 2025)
A91: 100015419 | B91: 7501045357430 | C91: HEETS SIENNA SELECTION 1 CAJETILLA | D91: PMI | E91: BYE | F91: VFM | G91: HTP FLAVOUR | H91: HTP | I91: Descontinuado (con stock) | J91: =VLOOKUP(A91,Catálogo!A:B,2,0) -> 3160.35 | K91: =VLOOKUP(A91,Catálogo!A:C,3,0) -> 47 | L91: 0 | M91: =J91/L91 -> #DIV/0! | N91: =VLOOKUP(A91,[2]Hoja1!$B:$D,3,0) -> Devoluciones Heets
A92: 100022332 | B92: 75018832 | C92: MARLBORO VISTA BLOSSOM 14´S CAJETILLAPZ | D92: PMI | E92: BYE | F92: VFM | G92: F&S | H92: CIGARROS | I92: Descontinuado (con stock) | J92: =VLOOKUP(A92,Catálogo!A:B,2,0) -> 2024.91 | K92: =VLOOKUP(A92,Catálogo!A:C,3,0) -> 38 | L92: =VLOOKUP(A92,Catálogo!A:D,4,0) -> 0 | M92: =J92/L92 -> #DIV/0! | N92: =VLOOKUP(A92,[2]Hoja1!$B:$D,3,0) -> Devolución PMI 2025
A93: 100080031 | B93: 75001254 | C93: BENSON&HEDGE CIGARR CS CAJET | D93: PMI | E93: BYE | F93: PREMIUM | G93: LOW-TAR | H93: CIGARROS | I93: Descontinuado (con stock) | J93: =VLOOKUP(A93,Catálogo!A:B,2,0) -> 108.62 | K93: =VLOOKUP(A93,Catálogo!A:C,3,0) -> 2 | L93: =VLOOKUP(A93,Catálogo!A:D,4,0) -> 0 | N93: =VLOOKUP(A93,[2]Hoja1!$B:$D,3,0) -> Devolución 2024 PMI
A94: 100024304 | B94: 7503031950991 | C94: MARLBORO VISTA BLOSSOM 100 BOX 20 LATA MEXICO 2024 CAJETILLA PZ | D94: PMI | E94: BYE | F94: VFM | G94: F&S | H94: CIGARROS | I94: Descontinuado (con stock) | J94: =VLOOKUP(A94,Catálogo!A:B,2,0) -> 444.44 | K94: =VLOOKUP(A94,Catálogo!A:C,3,0) -> 6 | L94: =VLOOKUP(A94,Catálogo!A:D,4,0) -> 5.2908 | M94: =J94/L94 -> 84.002419 | N94: =VLOOKUP(A94,[2]Hoja1!$B:$D,3,0) -> Artículos In&Out
A95: 100024727 | B95: 7702303265324 | C95: VUSE V- PODPACK MENTHOL ICE 20 MG 1 PZ | D95: BAT | E95: BYE | F95: PREMIUM | G95: VAPOUR FLAVOUR | H95: VAPOUR | I95: Inactivo | J95: =VLOOKUP(A95,Catálogo!A:B,2,0) -> 1185.18 | K95: =VLOOKUP(A95,Catálogo!A:C,3,0) -> 8 | L95: =VLOOKUP(A95,Catálogo!A:D,4,0) -> 0 | N95: =VLOOKUP(A95,[2]Hoja1!$B:$D,3,0) -> Devoluciones Vuse (feb 2025)
A96: 100022970 | B96: 7503031950571 | C96: HEETS BLACK GREEN SELECTION S50 PRI 20 SLI | D96: PMI | E96: BYE | F96: VFM | G96: HTP FLAVOUR | H96: HTP | I96: Descontinuado (con stock) | J96: =VLOOKUP(A96,Catálogo!A:B,2,0) -> 341.37 | K96: =VLOOKUP(A96,Catálogo!A:C,3,0) -> 5 | L96: =VLOOKUP(A96,Catálogo!A:D,4,0) -> 0 | M96: =J96/L96 -> #DIV/0! | N96: =VLOOKUP(A96,[2]Hoja1!$B:$D,3,0) -> Devoluciones Heets
A97: 100022138 | B97: 7503031950281 | C97: MARLBORO GARDEN LPE GARDEN 1 CAJETILLA | D97: PMI | E97: BYE | F97: VFM | G97: F&S | H97: CIGARROS | I97: Descontinuado (con stock) | J97: =VLOOKUP(A97,Catálogo!A:B,2,0) -> 727.27 | K97: =VLOOKUP(A97,Catálogo!A:C,3,0) -> 10 | L97: =VLOOKUP(A97,Catálogo!A:D,4,0) -> 0 | N97: =VLOOKUP(A97,[2]Hoja1!$B:$D,3,0) -> Descontinuado PMI
A98: 100024726 | B98: 7702303108812 | C98: VUSE V- PODPACK MENTHOL ICE 0 MG 1 PZ | D98: BAT | E98: BYE | F98: PREMIUM | G98: VAPOUR FLAVOUR | H98: VAPOUR | I98: Inactivo | J98: =VLOOKUP(A98,Catálogo!A:B,2,0) -> 1037.04 | K98: =VLOOKUP(A98,Catálogo!A:C,3,0) -> 7 | L98: =VLOOKUP(A98,Catálogo!A:D,4,0) -> 0 | N98: =VLOOKUP(A98,[2]Hoja1!$B:$D,3,0) -> Devoluciones Vuse (feb 2025)
A99: 100010934 | B99: 75062675 | C99: LUCKIE STRIKE BLOND INFUSE 20S FF | D99: BAT | E99: BYE | F99: PREMIUM | G99: FF | H99: CIGARROS | I99: Inactivo | J99: =VLOOKUP(A99,Catálogo!A:B,2,0) -> 732.76 | K99: =VLOOKUP(A99,Catálogo!A:C,3,0) -> 10 | L99: =VLOOKUP(A99,Catálogo!A:D,4,0) -> 0 | N99: =VLOOKUP(A99,[2]Hoja1!$B:$D,3,0) -> Descontinuado BAT
A100: 100023891 | B100: 7503031950939 | C100: MARLBORO SUMMER FUSION MNT LATA DISCO 24 MARLBORO SUMMER LATA 24 DISCO CAJETILLA PZ | D100: PMI | E100: BYE | F100: VFM | G100: F&S | H100: CIGARROS | I100: Descontinuado (con stock) | J100: =VLOOKUP(A100,Catálogo!A:B,2,0) -> 488.8 | K100: =VLOOKUP(A100,Catálogo!A:C,3,0) -> 7 | L100: =VLOOKUP(A100,Catálogo!A:D,4,0) -> 4.9261 | M100: =J100/L100 -> 99.226569 | N100: =VLOOKUP(A100,[2]Hoja1!$B:$D,3,0) -> Descontinuado PMI
...

Sheet Catálogo
A1: SKU | B1: Valor inventario | C1: UDS_INVENTARIO | D1: VPTD
A2: 100004048 | B2: 4089408.2 | C2: 51741 | D2: 75290.038
A3: 100004788 | B3: 2675164.8 | C3: 34869 | D3: 30288.766
A4: 100005585 | B4: 7571725.9 | C4: 107010 | D4: 371792.19
A5: 100006294 | B5: 1028.36 | C5: 18 | D5: 4.0642
A6: 100006296 | B6: 4660.04 | C6: 77 | D6: 0
A7: 100006386 | B7: 109.26 | C7: 2 | D7: 0
A8: 100007108 | B8: 4514100.5 | C8: 62657 | D8: 213386.82
A9: 100008185 | B9: 444.44 | C9: 16 | D9: 0
A10: 100008441 | B10: 50.86 | C10: 1 | D10: 0
A11: 100008777 | B11: 254.31 | C11: 5 | D11: 0
A12: 100009230 | B12: 3398574.4 | C12: 47178 | D12: 68105.148
A13: 100009359 | B13: 709.6 | C13: 23 | D13: 0
... A384: 101000093 | B384: 11091.95 | C384: 40 | D384: 0

Sheet Papeles
A1: ARTICULO | B1: UPC | C1: DESCRIPCIÓN | D1: PROVEEDOR | E1: FAMILIA | F1: SEGMENTO | G1: SABOR | H1: SUBCATEGORIA
A2: 100017182 | B2: 8414780000000 | C2: SMOKING PAPEL ZIGZAG RED 1 PZ | D2: PAPEL | E2: PAPEL | F2: PAPEL | G2: PAPEL | H2: CIGARROS
A3: 100016041 | B3: 25900213053 | C3: MINITIP CIGARR CHERRY 1 PZ | D3: MINITIP | E3: MINITIP
A4: 100016248 | B4: 25900000400 | C4: MINITIP CIGARR VAINILLA 1 PZ | D4: MINITIP | E4: MINITIP
A5: 100017182 | B5: 8414775013578 | C5: SMOKING PAPEL ZIGZAG RED 1 PZ
A6: 100009359 | B6: 7503023648042 | C6: MAZATAN PURO PETTITE PANATELA PZ
A7: 100017183 | B7: 42230748 | C7: GIZEH PAPEL ZIGZAG 1 PZ
A8: 100009916 | B8: 33300200573 | C8: KAYAK TABACO MASTICABLE STRAIGH 34.02
